Part Number,Brand,Model,Benchmark
BX8071513900KS,Intel,Core i9-13900KS,131.0
BX8071513900KF,Intel,Core i9-13900KF,129.0
BX8071513900K,Intel,Core i9-13900K,129.0
BX8071513700KF,Intel,Core i7-13700KF,126.0
BX8071513700K,Intel,Core i7-13700K,126.0
BX8071513900F,Intel,Core i9-13900F,124.0
BX8071513900,Intel,Core i9-13900,124.0
BX8071513600KF,Intel,Core i5-13600KF,122.0
BX8071513600K,Intel,Core i5-13600K,122.0
100-100000908WOF,AMD,Ryzen 9 7950X3D,122.0
BX8071513700,Intel,Core i7-13700,121.0
BX8071513700F,Intel,Core i7-13700F,121.0
BX8071512900KS,Intel,Core i9-12900KS,119.0
BX8071512900KF,Intel,Core i9-12900KF,117.0
,Intel,Core i9-13980HX,117.0
BX8071512900K,Intel,Core i9-12900K,117.0
100-100000910WOF,AMD,Ryzen 7 7800X3D,117.0
100-100000909WOF,AMD,Ryzen 9 7900X3D,117.0
,Intel,Core i9-13950HX,116.0
BX8071513600,Intel,Core i5-13600,116.0
,Intel,Core i9-13900HX,115.0
100-100000514WOF,AMD,Ryzen 9 7950X,114.0
BX8071512700K,Intel,Core i7-12700K,114.0
BX8071512700KF,Intel,Core i7-12700KF,114.0
BX8071512900F,Intel,Core i9-12900F,113.0
100-100000589WOF,AMD,Ryzen 9 7900X,113.0
BX8071513500,Intel,Core i5-13500,113.0
100-100000591WOF,AMD,Ryzen 7 7700X,112.0
BX8071512900,Intel,Core i9-12900,111.0
100-100000593WOF,AMD,Ryzen 5 7600X,110.0
BX8071512600K,Intel,Core i5-12600K,109.0
100-100000590BOX,AMD,Ryzen 9 7900,109.0
BX8071512600KF,Intel,Core i5-12600KF,109.0
100-100000592BOX,AMD,Ryzen 7 7700,109.0
BX8071512700F,Intel,Core i7-12700F,109.0
BX8071512700,Intel,Core i7-12700,108.0
,Intel,Core i7-12650HX,107.0
,Intel,Core i9-13900H,107.0
,Intel,Core i9-12950HX,107.0
BX8071513400,Intel,Core i5-13400,106.0
BX8071513400F,Intel,Core i5-13400F,106.0
,Intel,Core i7-13700H,105.0
,Intel,Core i9-12900HX,105.0
100-100000651WOF,AMD,Ryzen 7 5800X3D,104.0
BX8070811900KF,Intel,Core i9-11900KF,104.0
,Intel,Core i7-13620H,104.0
100-000001015BOX,AMD,Ryzen 5 7600,104.0
BX8070811900K,Intel,Core i9-11900K,103.0
BX8071512600,Intel,Core i5-12600,102.0
BX8070811700KF,Intel,Core i7-11700KF,102.0
BX8070811700K,Intel,Core i7-11700K,101.0
,Intel,Core i9-12900HK,100.0
BX8070811900,Intel,Core i9-11900,100.0
100-100000059WOF,AMD,Ryzen 9 5950X,100.0
BX8070110900K,Intel,Core i9-10900K,99.6
BX8070110900KF,Intel,Core i9-10900KF,99.5
,Intel,Core i9-12900H,99.5
BX8070811600K,Intel,Core i5-11600K,99.2
BX8070811600KF,Intel,Core i5-11600KF,99.1
BX8071512500,Intel,Core i5-12500,98.9
BX8070110850K,Intel,Core i9-10850K,98.9
BX80684I99900KS,Intel,Core i9-9900KS,98.8
100-100000061WOF,AMD,Ryzen 9 5900X,98.8
BX8071512400F,Intel,Core i5-12400F,98.3
100-100000063WOF,AMD,Ryzen 7 5800X,98.2
BX8070811700,Intel,Core i7-11700,98.1
BX8071512400,Intel,Core i5-12400,98.1
,Intel,Core i7-12800H,98.0
BX80684I99900K,Intel,Core i9-9900K,97.9
BX80684I99900KF,Intel,Core i9-9900KF,97.8
BX8070811900F,Intel,Core i9-11900F,97.7
,Intel,Core i7-12700H,97.1
BX80684I79700KF,Intel,Core i7-9700KF,97.1
,AMD,Ryzen 9 5900,97.1
BX8070811600,Intel,Core i5-11600,97.0
BX80684I79700K,Intel,Core i7-9700K,96.9
,Intel,Core i5-12600H,96.7
BX8070110700K,Intel,Core i7-10700K,96.5
,AMD,Ryzen 9 7945HX,96.4
BX8070110700KF,Intel,Core i7-10700KF,96.3
BX8071513100F,Intel,Core i3-13100F,96.3
BX8071512300,Intel,Core i3-12300,96.3
100-100000926WOF,AMD,Ryzen 7 5700X,96.2
BX8070811500,Intel,Core i5-11500,96.1
,Intel,Core i5-13500H,96.0
BX8071513100,Intel,Core i3-13100,96.0
,Intel,Core i7-12650H,95.9
100-100000065BOX,AMD,Ryzen 5 5600X,95.9
,AMD,Ryzen 7 5800,95.9
BX8070110900F,Intel,Core i9-10900F,95.4
BX8070811400,Intel,Core i5-11400,94.2
,Intel,Core i5-12500H,94.1
BX8070811400F,Intel,Core i5-11400F,94.1
BX8071512100,Intel,Core i3-12100,94.0
,Intel,Core i9-10900,94.0
BX8071512100F,Intel,Core i3-12100F,94.0
BX80684I59600K,Intel,Core i5-9600K,93.2
BX8070110700F,Intel,Core i7-10700F,93.2
BX80684I59600KF,Intel,Core i5-9600KF,93.2
,Intel,Core i9-11980HK,93.1
100-100000927BOX,AMD,Ryzen 5 5600,92.9
BX8070811700F,Intel,Core i7-11700F,92.8
BX8070110700,Intel,Core i7-10700,92.6
BX80684I59600,Intel,Core i5-9600,92.3
BX8070110600K,Intel,Core i5-10600K,92.2
BX80684I79700,Intel,Core i7-9700,92.0
,Intel,Core i9-11950H,92.0
BX80684I79700F,Intel,Core i7-9700F,92.0
,Intel,Core i7-1360P,91.9
BX8070110600KF,Intel,Core i5-10600KF,91.9
BX80684I99900,Intel,Core i9-9900,91.4
100-100000263BOX,AMD,Ryzen 7 5700G,90.9
,AMD,Ryzen 7 4700G,90.9
BX80684I78086K,Intel,Core i7-8086K,90.8
BX80684I58600K,Intel,Core i5-8600K,90.7
BX8070110600,Intel,Core i5-10600,90.2
,Intel,Core i9-11900H,90.0
,Intel,Core i3-10320,89.6
100-100000051WOF,AMD,Ryzen 9 3950X,89.3
BX80684I39350KF,Intel,Core i3-9350KF,89.3
,Intel,Core i5-12450H,89.1
,Intel,Core i7-11850H,89.0
100-100000277WOF,AMD,Ryzen 9 3900XT,88.7
BX80684I78700K,Intel,Core i7-8700K,88.4
100-100000252BOX,AMD,Ryzen 5 5600G,88.2
BX80684I58600,Intel,Core i5-8600,88.2
100-100000279WOF,AMD,Ryzen 7 3800XT,88.1
,Intel,Core i7-11800H,88.0
100-100000023BOX,AMD,Ryzen 9 3900X,87.9
,Intel,Core i5-1340P,87.7
BX8070110300,Intel,Core i3-10300,87.4
100-100000010WOF,AMD,Ryzen TR 3960X,87.2
BX8069510920X,Intel,Core i9-10920X,87.2
100-100000025BOX,AMD,Ryzen 7 3800X,87.0
BX80677I77740X,Intel,Core i7-7740X,87.0
BX80684I78700,Intel,Core i7-8700,87.0
,Intel,Core i7-1280P,87.0
BX80684I59500,Intel,Core i5-9500,87.0
BX80671I76950X,Intel,Core i7-6950X,86.8
BX80684I59400,Intel,Core i5-9400,86.5
BX80673I99920X,Intel,Core i9-9920X,86.4
100-100000457BOX,AMD,Ryzen 5 5500,86.1
100-100000011WOF,AMD,Ryzen TR 3970X,86.1
,AMD,Ryzen 7 7735HS,85.9
100-100000071BOX,AMD,Ryzen 7 3700X,85.9
BX80671I76900K,Intel,Core i7-6900K,85.9
100-000000163,AMD,Ryzen TR 3990X,85.8
BX8069510940X,Intel,Core i9-10940X,85.7
,Intel,Core i9-10900T,85.5
BX80673I99940X,Intel,Core i9-9940X,85.4
,Intel,Core i5-10600T,85.3
BX8070110400F,Intel,Core i5-10400F,85.2
,Intel,Core i7-10700T,85.2
BX8069510900X,Intel,Core i9-10900X,85.1
,Intel,Core i7-1260P,85.0
BX80658i75775C,Intel,Core i7-5775C,84.9
BX80673I99960X,Intel,Core i9-9960X,84.9
100-100000281BOX,AMD,Ryzen 5 3600XT,84.8
BX80684I59400F,Intel,Core i5-9400F,84.8
BX8070110400,Intel,Core i5-10400,84.5
,Intel,Core i9-10980HK,84.4
BX8070110500,Intel,Core i5-10500,84.2
BX8069510980XE,Intel,Core i9-10980XE,84.2
BX80677I57640X,Intel,Core i5-7640X,84.1
100-100000022BOX,AMD,Ryzen 5 3600X,84.1
BX80677I77700K,Intel,Core i7-7700K,84.0
BX80673I99900X,Intel,Core i9-9900X,83.7
BX80671I76850K,Intel,Core i7-6850K,83.6
BX80673I97940X,Intel,Core i9-7940X,83.3
BX80673I97960X,Intel,Core i9-7960X,83.2
100-100000031BOX,AMD,Ryzen 5 3600,83.1
BX80673I99980X,Intel,Core i9-9980XE,83.0
,Intel,Core i5-1240P,83.0
BX80673I79800X,Intel,Core i7-9800X,82.9
,AMD,Ryzen 7 PRO 4750G,82.9
CM8068403358708,Intel,Core i5-8600T,82.2
BX8070110105F,Intel,Core i3-10105F,82.2
BX80684I58500,Intel,Core i5-8500,82.1
,Intel,Xeon E3-1270 v6,81.9
BX80673I97900X,Intel,Core i9-7900X,81.9
BX80673I99820X,Intel,Core i9-9820X,81.9
,Intel,Core i9-9980HK,81.8
BX80684I58400,Intel,Core i5-8400,81.8
100-1000000158,AMD,Ryzen 5 3500X,81.7
BX80684I38350K,Intel,Core i3-8350K,81.7
,Intel,Xeon E3-1245 v6,81.6
BX80673I97920X,Intel,Core i9-7920X,81.6
BX80658i55675C,Intel,Core i5-5675C,81.5
,Intel,Core i9-10885H,81.2
YD295XA8UGAAF,AMD,Ryzen TR 2950X,81.1
100-1000000050,AMD,Ryzen 5 3500,80.9
BX80662I76700K,Intel,Core i7-6700K,80.8
YD292XA8AFWOF,AMD,Ryzen TR 2920X,80.7
BX80671I76800K,Intel,Core i7-6800K,80.6
,Intel,Core i7-5775R,80.5
,Intel,Core i7-8809G,80.5
BX80648I75960X,Intel,Core i7-5960X,80.5
,Intel,Core i7-5950HQ,80.4
BX8070110100F,Intel,Core i3-10100F,80.4
,AMD,Ryzen 5 PRO 4650G,80.2
,Intel,Core i5-11400H,80.1
BX80673I77820X,Intel,Core i7-7820X,80.1
BX80673I97980X,Intel,Core i9-7980XE,80.1
BX80684I39100F,Intel,Core i3-9100F,80.1
,AMD,Ryzen 7 4800U,80.1
,AMD,Ryzen 9 6900HX,79.9
BX80684I38300,Intel,Core i3-8300,79.9
BX8070110100,Intel,Core i3-10100,79.9
BX80648I75930K,Intel,Core i7-5930K,79.8
100-100000159BOX,AMD,Ryzen 3 3300X,79.7
BX80684I39100,Intel,Core i3-9100,79.7
,Intel,Core i7-10850H,79.5
,Intel,Xeon E3-1230 v6,79.4
CM8068403358413,Intel,Core i7-8700T,79.4
,Intel,Core i5-10400H,79.2
,Intel,Core i7-10870H,79.1
YD297XAZAFWOF,AMD,Ryzen TR 2970WX,79.0
BX80646I74790K,Intel,Core i7-4790K,78.9
CL8068404069006,Intel,Core i9-9880H,78.9
YD299XAZAFWOF,AMD,Ryzen TR 2990WX,78.9
,Intel,Core i5-9400H,78.9
,Intel,Core i7-10875H,78.8
,Intel,Core i3-10300T,78.7
BX80633I74960X,Intel,Core i7-4960X,78.4
,Intel,Core i5-10500T,78.3
,Intel,Xeon E3-1286 v3,78.2
,Intel,Core i5-10400T,78.1
,AMD,Ryzen 9 5980HS,78.1
,Intel,Core i3-10100T,78.0
,AMD,Ryzen 5 4600G,78.0
,Intel,Core i7-11375H,78.0
,AMD,Ryzen 9 5900HX,78.0
,AMD,Ryzen 7 6800H,78.0
,Intel,Core i7-3970X,77.9
BX80673I77800X,Intel,Core i7-7800X,77.9
,Intel,Core i7-5850HQ,77.8
FH8067703417418,Intel,Core i7-8706G,77.7
BX80619I73960X,Intel,Core i7-3960X,77.7
,Intel,Core i7 X 990,77.7
YD192XA8AEWOF,AMD,Ryzen TR 1920X,77.6
FH8068403419332,Intel,Core i7-8559U,77.5
,Intel,Core i5-10500H,77.5
,Intel,Xeon E3-1275 v3,77.2
,AMD,Ryzen 5 6600H,77.1
BX80646E31276V3,Intel,Xeon E3-1276 v3,77.1
,Intel,Core i7-9850H,77.1
BX80633I74930K,Intel,Core i7-4930K,76.9
,Intel,Xeon W3690,76.9
100-000000253,AMD,Ryzen 3 5300G,76.9
BX80648I75820K,Intel,Core i7-5820K,76.8
,Intel,Xeon E5-1650 v3,76.8
,Intel,Core i7-10750H,76.8
YD195XA8AEWOF,AMD,Ryzen TR 1950X,76.7
,Intel,Xeon E3-1230 v5,76.6
CL8068403373614,Intel,Core i5-8400H,76.6
YD190XA8AEWOF,AMD,Ryzen TR 1900X,76.3
BX80677I77700,Intel,Core i7-7700,76.2
,AMD,Ryzen 9 6900HS,76.2
,AMD,Ryzen 9 5900HS,76.1
,Intel,Xeon E5-1650 v2,76.0
,Intel,Core i7 X 980,76.0
,Intel,Xeon E3-1271 v3,75.9
BX80677I57600K,Intel,Core i5-7600K,75.8
YD270XBGAFBOX,AMD,Ryzen 7 2700X,75.7
,Intel,Xeon W3680,75.3
,Intel,Xeon E3-1270 v3,75.2
,AMD,Ryzen 7 5800H,75.2
,Intel,Core i7 980,75.2
100-000000083,AMD,Ryzen 7 4700U,75.2
,AMD,Ryzen 5 4500,75.1
BX80677I57600T,Intel,Core i5-7600T,75.1
,Intel,Xeon X5690,74.7
100-000000105,AMD,Ryzen 5 4600U,74.7
CM8068403358913,Intel,Core i5-8400T,74.7
100-100000284BOX,AMD,Ryzen 3 3100,74.6
BX80646E31241V3,Intel,Xeon E3-1241 v3,74.5
CL8068403805708,Intel,Core i9-8950HK,74.5
BX80619I73930K,Intel,Core i7-3930K,74.4
,AMD,Ryzen 9 4900H,74.4
,Intel,Core i5-8279U,74.2
,Intel,Xeon E3-1275 V2,74.2
,Intel,Xeon E5-2687W 0,74.2
YD260XBCAFBOX,AMD,Ryzen 5 2600X,74.0
,Intel,Core i7-11370H,74.0
BX80701G6600,Intel,Pentium Gold G6600,73.9
100-000000098,AMD,Ryzen 7 4800H,73.9
,Intel,Core i5-2550K,73.9
YD2700BBAFBOX,AMD,Ryzen 7 2700,73.8
YD160XBCAEWOF,AMD,Ryzen 5 1600X,73.7
BX80646I74770K,Intel,Core i7-4770K,73.6
BX80646I74771,Intel,Core i7-4771,73.5
,Intel,Xeon E3-1220 v5,73.4
,Intel,Core i7 970,73.4
BX80646E31231V3,Intel,Xeon E3-1231 v3,73.3
CL8068404121817,Intel,Core i7-9750H,73.3
BX80677I37320,Intel,Core i3-7320,73.2
FH8068403419522,Intel,Core i5-8259U,73.1
,Intel,Core i5-10200H,73.1
BX80646E31246V3,Intel,Xeon E3-1246 v3,73.0
BX80623I72700K,Intel,Core i7-2700K,73.0
,AMD,Ryzen 5 5600H,73.0
CM8068403362509,Intel,Core i5-8500T,73.0
,AMD,Ryzen 7 5800HS,72.9
,Intel,Core i5-8305G,72.9
,Intel,Core i5-6600T,72.9
,AMD,Ryzen 3 4100,72.9
YD2600BBAFBOX,AMD,Ryzen 5 2600,72.8
BX80646E31230V3,Intel,Xeon E3-1230 v3,72.8
,Intel,Xeon E3-1270 V2,72.7
,Intel,Xeon W3570,72.7
,Intel,Xeon E5-1650 0,72.7
,Intel,Xeon E3-1245 V2,72.6
YD250XBBM4KAF,AMD,Ryzen 5 2500X,72.6
,Intel,Core i7-8705G,72.5
,Intel,Core i5-4670S,72.4
BX80637I73770K,Intel,Core i7-3770K,72.4
,Intel,Core i7 975,72.4
BX80662I56600K,Intel,Core i5-6600K,72.4
BX80662I76700,Intel,Core i7-6700,72.3
,Intel,Xeon E3-1240 v3,72.2
,AMD,Ryzen 9 4900HS,72.2
BX80677I57600,Intel,Core i5-7600,72.0
,AMD,Ryzen 7 4800HS,72.0
YD1600BBAFBOX,AMD,Ryzen 5 1600AF,72.0
BX80633I74820K,Intel,Core i7-4820K,71.8
YD180XBCAEWOF,AMD,Ryzen 7 1800X,71.8
,Intel,Core i7-4790S,71.8
,Intel,Core i7-7820HK,71.7
BX80677I77700T,Intel,Core i7-7700T,71.7
BX80677I37350K,Intel,Core i3-7350K,71.5
,Intel,Xeon E3-1245 v3,71.5
,Intel,Xeon E5-2690 v2,71.4
100-000000084,AMD,Ryzen 5 4500U,71.4
BX80646I74790,Intel,Core i7-4790,71.4
,Intel,Xeon E3-1240 V2,71.4
,Intel,Core i7-7920HQ,71.4
,Intel,Xeon E3-1226 v3,71.3
,Intel,Xeon X5660,71.3
,Intel,Xeon E3-1265L v3,71.3
,Intel,Core i7-4770S,71.2
BX80701G6500,Intel,Pentium Gold G6500,71.2
CM8068403377415,Intel,Core i3-8100T,71.1
YD170XBCAEWOF,AMD,Ryzen 7 1700X,71.0
,Intel,Xeon E5-1620 v2,71.0
,Intel,Core i7-4790T,70.9
,Intel,Core i5-2450P,70.9
,Intel,Core i5-11300H,70.8
,Intel,Xeon X5667,70.8
,Intel,Xeon E31270,70.7
CL8068403359725,Intel,Core i7-8850H,70.7
BX80684I38100,Intel,Core i3-8100,70.6
,Intel,Core i7 880,70.6
BX80623I72600K,Intel,Core i7-2600K,70.6
BX80646I74770,Intel,Core i7-4770,70.5
,Intel,Xeon E3-1230 V2,70.5
,Intel,Core i7 K 875,70.4
,Intel,Xeon E3-1240,70.3
,Intel,Core i7-4770T,70.3
YD1600BBAEBOX,AMD,Ryzen 5 1600,70.2
CL8068403359524,Intel,Core i7-8750H,70.1
100-000000100,AMD,Ryzen 5 4600H,70.1
,Intel,Xeon X5650,70.1
,Intel,Xeon E3-1505M v6,70.1
BX80677I37300,Intel,Core i3-7300,70.0
CM8066201920202,Intel,Core i7-6700T,69.9
,Intel,Xeon E3-1225 V2,69.8
,Intel,Core i5-10300H,69.8
,Intel,Xeon E5-1620 0,69.7
,Intel,Core i7-3940XM,69.6
BX80684G5600,Intel,Pentium Gold G5600,69.6
,AMD,Ryzen 5 4600HS,69.6
BX80646I54690K,Intel,Core i5-4690K,69.6
,Intel,Core i7-3820,69.5
,Intel,Core i7-6920HQ,69.5
,Intel,Xeon E3-1220 V2,69.5
BX80662I36320,Intel,Core i3-6320,69.4
,Intel,Core i7-1195G7,69.4
,Intel,Xeon E31230,69.4
,Intel,Xeon E3-1220 v3,69.4
,Intel,Core i7-4940MX,69.3
,Intel,Core i7-3770S,69.3
,Intel,Xeon X5570,69.2
BX80684G5500,Intel,Pentium Gold G5500,69.1
,Intel,Core i7-4930MX,69.1
,Intel,Xeon E3-1225 v3,69.1
YD1700BBAEBOX,AMD,Ryzen 7 1700,69.0
,Intel,Core i5-1145G7,69.0
BX80637I73770,Intel,Core i7-3770,69.0
BX80637I53450S,Intel,Core i5-3450S,68.9
,Intel,Core i7-5700HQ,68.8
,Intel,Core i7-6820HK,68.8
,Intel,Core i5-1135G7,68.7
,Intel,Xeon X3470,68.7
,Intel,Xeon E5-2643 0,68.7
,Intel,Core i5-3550,68.6
,Intel,Xeon E31225,68.6
,Intel,Core i5-3475S,68.5
,Intel,Xeon E5-2630 v3,68.5
BX80701G6400,Intel,Pentium Gold G6400,68.4
,Intel,Core i7-3920XM,68.2
YD3400C5FHBOX,AMD,Ryzen 5 3400G,68.1
,AMD,Ryzen 7 5800U,68.1
,Intel,Xeon X5560,68.1
,Intel,Core i7-10710U,68.0
100-000000085,AMD,Ryzen 3 4300U,68.0
,Intel,Core i7-4960HQ,68.0
BX80646I54670K,Intel,Core i5-4670K,68.0
,Intel,Xeon E31220,67.9
,Intel,Core i3-7101E,67.9
BX80715G7400,Intel,Pentium Gold G7400,67.9
,AMD,Ryzen 9 4900U,67.8
,Intel,Xeon X3460,67.7
,Intel,Core i7 960,67.6
BX80647I74900MQ,Intel,Core i7-4900MQ,67.6
BX80637I53570K,Intel,Core i5-3570K,67.6
BX80662I56600,Intel,Core i5-6600,67.6
,Intel,Xeon L5639,67.5
BX80621E52670,Intel,Xeon E5-2670,67.3
,Intel,Core i7-4910MQ,67.3
,Intel,Core i5-4590S,67.1
BX80623I72600,Intel,Core i7-2600,67.1
,AMD,Ryzen 7 5700U,67.1
BX80646I54690,Intel,Core i5-4690,67.1
,Intel,Xeon W3565,67.0
,Intel,Core i7-2600S,67.0
,Intel,Core i7-1185G7,66.9
BX80677I37300T,Intel,Core i3-7300T,66.8
BX80677I57500,Intel,Core i5-7500,66.8
BX80677G4620,Intel,Pentium G4620,66.7
BX80662I36300,Intel,Core i3-6300,66.7
,Intel,Core i5-4670,66.5
,Intel,Xeon E5-2670 v2,66.4
YD150XBBAEBOX,AMD,Ryzen 5 1500X,66.4
BX80677I57500T,Intel,Core i5-7500T,66.3
,Intel,Core i7-3820QM,66.3
,Intel,Core i7-4722HQ,66.3
,Intel,Core i5-3450,66.3
,Intel,Core i7-1165G7,66.2
,Intel,Core i5-4570S,66.2
,Intel,Core i5-4460S,66.1
,AMD,Ryzen 5 5600U,66.1
,Intel,Core i5-3340,66.1
,Intel,Core i7 870,66.1
,Intel,Core i7-3840QM,66.1
,Intel,Core i5-1130G7,66.0
,Intel,Core i7-4850HQ,66.0
,Intel,Xeon X3450,66.0
BX80646I34350,Intel,Core i3-4350,65.9
BX80623I52500K,Intel,Core i5-2500K,65.9
BX80601950,Intel,Core i7-950,65.9
BX80646I34370,Intel,Core i3-4370,65.8
,Intel,Xeon W3550,65.8
,Intel,Core i7 940,65.5
YD130XBBAEBOX,AMD,Ryzen 3 1300X,65.4
,Intel,Core i5-3470S,65.3
BX80677I57400T,Intel,Core i5-7400T,65.3
,Intel,Core i5-3350P,65.3
BX80662I36300T,Intel,Core i3-6300T,65.2
,Intel,Xeon X3440,65.2
,Intel,Core i5-4570R,65.2
,AMD,Ryzen 5 2600H,65.2
,Intel,Core i5-4430,65.2
,Intel,Core i5-3570,65.1
,Intel,Core i7-1160G7,65.1
FH8068403419422,Intel,Core i3-8109U,65.0
,Intel,Core i5-9300H,65.0
,Intel,Core i7-3720QM,64.8
,Intel,Core i5-2310,64.8
CL8068403373522,Intel,Core i5-8300H,64.7
BX80646I34360,Intel,Core i3-4360,64.7
,Intel,Core i7-2960XM,64.6
,Intel,Xeon W3530,64.6
BX80646I34340,Intel,Core i3-4340,64.5
,Intel,Core i7-3740QM,64.4
,Intel,Core i5-2500S,64.3
,Intel,Core i7 860,64.2
,AMD,Ryzen 7 2800H,64.1
,Intel,Core i5-3330S,64.1
,Intel,Core i5-2300,64.0
,AMD,Ryzen 5 5500U,64.0
,Intel,Core i7-4770HQ,64.0
,Intel,Core i7 930,64.0
,Intel,Core i5-2320,63.9
,Intel,Core i5-2405S,63.9
,Intel,Core i7-7567U,63.9
,Intel,Core i5 760,63.6
BX80662I56500,Intel,Core i5-6500,63.6
BX80677I57400,Intel,Core i5-7400,63.5
CM8068403360212,Intel,Pentium G5400T,63.5
BX80646I54590,Intel,Core i5-4590,63.5
,Intel,Core i7-4750HQ,63.4
,Intel,Core i7-4800MQ,63.3
,Intel,Xeon E5540,63.1
BX80637I53470,Intel,Core i5-3470,63.1
,Intel,Xeon W3520,63.1
FD9590FHHKWOF,AMD,FX-9590,63.1
,Intel,Core i7-7820HQ,63.0
BX80677G4600,Intel,Pentium G4600,62.9
,Intel,Core i5-2500,62.9
,Intel,Core i5-10310U,62.8
YD3200C5FHBOX,AMD,Ryzen 3 3200G,62.7
CM8068403377713,Intel,Pentium G5500T,62.6
YD2400C5FBBOX,AMD,Ryzen 5 2400G,62.5
FD9370FHHKWOF,AMD,FX-9370,62.5
BX80646I54570,Intel,Core i5-4570,62.4
,Intel,Core i7-3615QM,62.4
,Intel,Core i7-2920XM,62.2
BX80646I54460,Intel,Core i5-4460,62.1
FD8370FRHKBOX,AMD,FX-8370,62.1
,Intel,Core i7-3635QM,62.1
BX80684G5400,Intel,Pentium Gold G5400,62.1
,Intel,Core i7-7700HQ,62.0
AW8063801013511,Intel,Core i7-3610QM,62.0
,Intel,Core i3-6098P,62.0
,Intel,Core i7-4700HQ,61.9
BX80646I34330,Intel,Core i3-4330,61.9
,Intel,Core i7-4702HQ,61.8
,Intel,Core i7-2860QM,61.7
,Intel,Core i7-4810MQ,61.7
BX80601920,Intel,Core i7-920,61.6
,Intel,Core i5-7260U,61.5
BX80605I5750,Intel,Core i5-750,61.5
BX80646I54440,Intel,Core i5-4440,61.3
,Intel,Xeon X3430,61.3
,Intel,Core i5-3330,61.3
,Intel,Xeon E5530,61.1
YD1400BBAEBOX,AMD,Ryzen 5 1400,61.0
,AMD,Ryzen 3 5400U,61.0
,Intel,Core i7-4702MQ,61.0
BX80662I56400,Intel,Core i5-6400,60.8
AW8063801106200,Intel,Core i7-3630QM,60.8
FD8350FRHKBOX,AMD,FX-8350,60.8
,Intel,Core i7-4712HQ,60.7
,Intel,Core i7-3632QM,60.7
,Intel,Core i7-5557U,60.6
BX80623I52400,Intel,Core i5-2400,60.6
BX80677I37100T,Intel,Core i3-7100T,60.5
YD2200C5FBBOX,AMD,Ryzen 3 2200G,60.5
,Intel,Core i7-3612QM,60.5
,Intel,Core i7 X 940,60.4
,Intel,Core i5-2400S,60.4
,Intel,Core i3-2125,60.3
CM8067703016117,Intel,Pentium G4560T,60.2
BX80662G4520,Intel,Pentium G4520,60.1
,Intel,Core i7-6820HQ,60.1
,Intel,Core i7-2760QM,59.9
FD837EWMHKBOX,AMD,FX-8370E,59.9
,Intel,Xeon E5-1603 0,59.9
,Intel,Xeon E5-2620 v2,59.9
,Intel,Core i7-4710MQ,59.7
,Intel,Core i7-5550U,59.7
,AMD,FX-8310,59.6
,Intel,Core i7-8665U,59.6
,Intel,Xeon L5520,59.5
,Intel,Xeon E5620,59.4
,Intel,Xeon E5-2630 0,59.3
,AMD,FX-6350 Six-Core,59.2
,Intel,Core i3-7167U,59.2
,Intel,Xeon E5520,59.1
,Intel,Pentium G3470,59.1
YD240GC6FBBOX,AMD,Athlon 240GE,59.1
,Intel,Core i3-3250,58.7
,Intel,Core i7-6700HQ,58.7
HDE00ZFBGRBOX,AMD,Phenom II X6 1100T,58.6
CW8064701470702,Intel,Core i7-4700MQ,58.6
,Intel,Core X 920,58.6
FD8150FRGUBOX,AMD,FX-8150,58.6
BX80637I33225,Intel,Core i3-3225,58.5
,Intel,Core i7-2820QM,58.5
FD8320FRHKBOX,AMD,FX-8320,58.5
,Intel,Core i3-2105,58.5
,AMD,FX-6200 Six-Core,58.5
,Intel,Core i7-4610M,58.3
,AMD,Phenom II X4 B65,58.1
,Intel,Core i7-2675QM,58.0
,AMD,Phenom II X4 980,58.0
,Intel,Core i5-5287U,58.0
,Intel,Core i7-4710HQ,57.9
,Intel,Core i7-4720HQ,57.8
FD832EWMHKBOX,AMD,FX-8320E,57.8
,Intel,Core i7-4558U,57.7
,Intel,Core i5-1035G7,57.7
YD220GC6FBBOX,AMD,Athlon 220GE,57.7
,Intel,Core i5-4570T,57.7
,Intel,Core i7-2720QM,57.7
,Intel,Core i5-10210Y,57.7
BX80662I36100T,Intel,Core i3-6100T,57.6
,AMD,FX-8300,57.6
,Intel,Pentium G3460,57.6
,Intel,Xeon E5-2620 0,57.5
,AMD,Athlon II X4 555,57.5
,Intel,Core i3-2130,57.5
,Intel,Core i7-2635QM,57.4
,Intel,Core i7-6567U,57.4
,Intel,Core i5-8365U,57.3
BX80677G4560,Intel,Pentium G4560,57.3
FD4350FRHKBOX,AMD,FX-4350,57.3
,Intel,Core i3-3210,57.2
BX80646G3440,Intel,Pentium G3440,57.1
,AMD,Phenom II X4 975,57.0
,AMD,Phenom II X6 1090T,57.0
BX80677I37100,Intel,Core i3-7100,57.0
YD1200BBAEBOX,AMD,Ryzen 3 1200,57.0
,Intel,Core i5-4200H,57.0
BX80646I34170,Intel,Core i3-4170,56.9
,Intel,Core2 Extreme X9770,56.8
BX80715G6900,Intel,Celeron G6900,56.6
,Intel,Core i7 X 920,56.6
,Intel,Core i7-10510Y,56.5
BX80646G3430,Intel,Pentium G3430,56.5
,Intel,Core i5-7300HQ,56.5
,Intel,Core i3-6167U,56.5
,Intel,Core i7-10510U,56.4
,AMD,FX-8120,56.4
,AMD,Phenom II X4 970,56.3
,Intel,Core i7-2670QM,56.3
,Intel,Xeon E5-2609 0,56.3
BX80662G4500,Intel,Pentium G4500,56.3
,Intel,Core i5-4258U,56.3
BX80677G3950,Intel,Celeron G3950,56.2
,Intel,Core i3-4130T,56.2
,Intel,Core i7-5650U,56.1
,Intel,Core i7 Q 840,56.1
,Intel,Pentium G3450,56.0
,Intel,Core i7-4600M,56.0
,Intel,Core i7-3540M,56.0
,Intel,Core i5-6260U,55.9
,AMD,Phenom II X6 1075T,55.9
,AMD,Phenom II X4 B60,55.8
,Intel,Core i5-3470T,55.8
,AMD,FX-4170 Quad-Core,55.6
BX80701G5900,Intel,Celeron G5900,55.5
,Intel,Core i5-1035G4,55.5
,AMD,FX-6120 Six-Core,55.4
,Intel,Core i5-3380M,55.4
BX80662I36100,Intel,Core i3-6100,55.4
BX80646I34150,Intel,Core i3-4150,55.2
FF8062700837005,Intel,Core i7-2630QM,55.2
FD6300WMHKBOX,AMD,FX-6300,55.2
,Intel,Xeon E5507,55.2
,Intel,Core i3-3240,55.1
BX80646I34160,Intel,Core i3-4160,55.1
,AMD,Ryzen 3 2300U,55.0
,Intel,Core i7-7560U,54.9
,Intel,Core i3-7130U,54.9
FJ8068404064405,Intel,Core i7-8565U,54.7
,Intel,Core i5-5257U,54.6
,Intel,Core i3-3220T,54.6
,AMD,Ryzen 3 3300U,54.5
,Intel,Xeon X5470,54.5
,Intel,Core i3-6157U,54.4
,Intel,Xeon E5506,54.2
,Intel,Core i7-7660U,54.2
,AMD,Ryzen 7 3750H,54.1
,AMD,Phenom II X4 20,54.1
HDT55TFBGRBOX,AMD,Phenom II X6 1055T,54.0
,AMD,Phenom II X4 B55,54.0
,AMD,Phenom II X4 960T,53.9
,Intel,Core i5-3360M,53.9
,Intel,Core i7 Q 740,53.8
,Intel,Core i5-6300HQ,53.7
,Intel,Core i7-2640M,53.7
,Intel,Pentium G2130,53.6
BX80701G5920,Intel,Celeron G5920,53.6
FD6100WMGUSBX,AMD,FX-6100,53.5
YD200GC6FBBOX,AMD,Athlon 200GE,53.5
BX80646G3420,Intel,Pentium G3420,53.5
,AMD,Phenom II X6 1045T,53.5
,Intel,Core i5-10210U,53.4
,AMD,A10-6790K APU (2013 D.Ri),53.3
,Intel,Core i3-2120T,53.3
,Intel,Core i7-3520M,53.2
,AMD,Ryzen 5 3550H,53.2
,Intel,Core i7-1065G7,53.2
,Intel,Core i5-8250U,53.1
,Intel,Core i7-6650U,53.1
,Intel,Core i7-8550U,53.0
,Intel,Core i5-2435M,52.9
YD3000C6FHBOX,AMD,Athlon 3000G,52.9
,AMD,Phenom II X6 1035T,52.9
,AMD,Phenom II X4 840T,52.9
,Intel,Core i3-8145U,52.8
FJ8068404064604,Intel,Core i5-8265U,52.7
,Intel,Core i7-3687U,52.6
,Intel,Pentium G2120,52.6
BX80646G3258,Intel,Pentium G3258,52.6
,Intel,Core2 Extreme X9650,52.6
,Intel,Core i5-3340M,52.6
HDZ965FBGMBOX,AMD,Phenom II X4 965,52.6
BX80646G1850,Intel,Celeron G1850,52.5
,Intel,Core i7 Q 820,52.5
BX80646G1830,Intel,Celeron G1830,52.4
,Intel,Pentium G870,52.4
BX80646I34130,Intel,Core i3-4130,52.3
,Intel,Core i7-8650U,52.3
,Intel,Core i7-2620M,52.2
,AMD,Phenom II X4 830,52.2
,Intel,Core i3-3220,52.1
BX80684G4900,Intel,Celeron G4900,52.1
,AMD,Ryzen 7 2700U,52.1
,Intel,Xeon E5-2680 v2,52.0
,AMD,FX-4130 Quad-Core,52.0
,Intel,Xeon E5504,51.9
,Intel,Pentium G3260,51.8
,Intel,Core i5 680,51.8
,AMD,Phenom II X4 910e,51.8
,AMD,A10-5800B APU (2012 D.Tr),51.7
FD4300WMHKBOX,AMD,FX-4300,51.6
,Intel,Core i5-8350U,51.6
,Intel,Xeon X5460,51.6
,AMD,Phenom II X4 B50,51.6
,Intel,Core i5-2540M,51.5
,Intel,Core i7-3537U,51.5
,Intel,Core i5-4300M,51.5
,AMD,Phenom II X4 945,51.5
HDZ955FBGMBOX,AMD,Phenom II X4 955,51.5
AD680KWOHLBOX,AMD,A10-6800K APU (2013 D.Ri),51.5
,AMD,Athlon II X4 760K (2013 D.Ri),51.5
,Intel,Core i7-2677M,51.4
,Intel,Pentium G860,51.4
,AMD,FX-4100,51.4
,Intel,Pentium G840,51.3
,Intel,Core i5-4210M,51.3
,Intel,Pentium G3250,51.2
,Intel,Core i5-2415M,51.1
,Intel,Core i7-4650U,51.1
,Intel,Core i7-2637M,51.1
,Intel,Core i5-1035G1,51.1
AD750KWOHJBOX,AMD,Athlon II X4 750K,51.1
,AMD,Phenom II X4 B45,51.1
,Intel,Core i3-4000M,51.0
,AMD,Phenom II X4 B40,50.9
,Intel,Pentium G850,50.9
,Intel,Core i7-3667U,50.9
,Intel,Core i3-2100,50.9
,AMD,Phenom II X4 905e,50.9
,Intel,Xeon X5472,50.8
,Intel,Core2 Quad Q9650,50.7
,Intel,Core i3-2120,50.7
,Intel,Core i7 Q 720,50.7
,Intel,Core i7-3517U,50.7
,AMD,Phenom II X4 925,50.7
,Intel,Xeon E5472,50.7
,Intel,Core i5 K 655,50.7
,Intel,Pentium G2010,50.6
,Intel,Xeon E5450,50.5
,Intel,Xeon W3505,50.5
,Intel,Core i7-4550U,50.5
,Intel,Core i5-4250U,50.4
BX80646G3240Â ,Intel,Pentium G3240,50.2
,AMD,Phenom II X4 920,50.2
,Intel,Xeon E5-2603 0,50.2
,Intel,Core i7-8500Y,50.1
,Intel,Core i7-4500U,50.1
,Intel,Core i3-3120M,50.1
,Intel,Pentium G645,49.9
AD580KWOHJBOX,AMD,A10-5800K APU (2012 D.Tr),49.9
,AMD,A8-6600K APU,49.8
,Intel,Core i5 661,49.8
,Intel,Xeon E7- 4870,49.8
,Intel,Pentium 5405U,49.8
,AMD,A8-6500 APU,49.8
AD6700OKHLBOX,AMD,A10-6700 APU (2013 D.Ri),49.7
,Intel,Core i5-2557M,49.7
,Intel,Core i3-1115G4,49.6
,Intel,Core i5-4200M,49.6
,Intel,Core i7-7600U,49.6
,AMD,Athlon II X4 651,49.6
,Intel,Core i7-5600U,49.6
,Intel,Xeon X5450,49.6
,Intel,Core i5-2430M,49.5
,AMD,Phenom II X4 810,49.5
,Intel,Celeron G1620,49.5
BX80662G3900,Intel,Celeron G3900,49.5
,AMD,Phenom II X4 850,49.4
,AMD,Ryzen 7 3700U,49.4
,Intel,Core i5-5250U,49.4
,Intel,Core i7-3689Y,49.4
,Intel,Core i5-4310U,49.4
BX80646G1820,Intel,Celeron G1820,49.2
,Intel,Core2 Quad Q9450,49.2
,Intel,Core i7-4600U,49.1
,AMD,A8-5600K APU,49.1
,Intel,Pentium 3550M,49.1
,AMD,Phenom II X4 940,49.0
,Intel,Core i5-3437U,49.0
,Intel,Xeon E5440,49.0
,Intel,Core2 Quad Q9550,48.9
,Intel,Pentium G2020,48.9
,AMD,Ryzen 5 2500U,48.9
,Intel,Core i3-2370M,48.9
,Intel,Core i5-2450M,48.9
,Intel,Pentium G2030,48.9
,Intel,Xeon W3503,48.8
,AMD,Athlon II X4 740K,48.8
,Intel,Core i3-2348M,48.8
,Intel,Core i5 660,48.7
,Intel,Core i5-3427U,48.7
AW8063801208001,Intel,Core i5-3230M,48.7
FJ8067702739932,Intel,Pentium 4415U,48.7
,Intel,Celeron G1610,48.6
,Intel,Core i5-8200Y,48.6
BX80646G1840,Intel,Celeron G1840,48.6
,Intel,Core i5-8210Y,48.5
,Intel,Pentium 4417U,48.5
,Intel,Pentium G640,48.3
AD5700OKHJBOX,AMD,A10-5700 APU (2012 D.Tr),48.3
BX80646G3220,Intel,Pentium G3220,48.3
BX80677G3930,Intel,Celeron G3930,48.2
,Intel,Core i3-3110M,48.2
,AMD,Ryzen 5 3500U,48.1
,AMD,Phenom II X3 720,48.1
,Intel,Core i7-7500U,48.1
,Intel,Xeon E5430,48.0
FJ8066201930905,Intel,Pentium 4405U,48.0
,Intel,Core i5-3320M,48.0
,AMD,Phenom II X2 565,48.0
,AMD,Athlon II X4 641,47.9
AD5500OKHJBOX,AMD,A8-5500 APU,47.9
,Intel,Core i5-2410M,47.9
,Intel,Core2 Quad Q9500,47.9
AW8063801032301,Intel,Core i5-3210M,47.8
,Intel,Core i3-5015U,47.8
,Intel,Core i3-5010U,47.7
,Intel,Xeon E5462,47.6
,Intel,Celeron G550,47.6
,Intel,Core i5-2520M,47.6
FJ8067703282227,Intel,Core i3-8130U,47.6
,Intel,Core i3-2328M,47.5
BX80662G4400,Intel,Pentium G4400,47.5
,Intel,Core m3-8100Y,47.4
,AMD,A8-7670K APU (2014 D.Ka),47.4
,AMD,Phenom II X4 840,47.3
,Intel,Pentium G630,47.3
,Intel,Core i5-3317U,47.2
,AMD,Phenom II X3 710,47.2
,Intel,Core i5-7Y54,47.2
,Intel,Core i5-3337U,47.2
,Intel,Core i7-4510U,47.1
,Intel,Core i3-2330M,47.0
,Intel,Core i3 550,47.0
,Intel,Core i3-2350M,47.0
,Intel,Core m3-7Y32,47.0
,Intel,Core2 Quad Q9505,47.0
AD789KXDJCHBX,AMD,A10-7890K APU (2014 D.Ka),47.0
,Intel,Core i3-10110U,46.9
,Intel,Xeon E5-2660 v2,46.9
,Intel,Celeron G540,46.9
,Intel,Xeon L5420,46.7
,AMD,A10-6700T APU (2013 D.Ri),46.7
,Intel,Pentium 2020M,46.7
,AMD,A8-3870 APU,46.7
,Intel,Core2 Extreme Q6850,46.7
,Intel,Core M-5Y10,46.5
,AMD,Phenom 9950,46.5
,AMD,Phenom II X2 560,46.5
,Intel,Core i3-2310M,46.5
,Intel,Core m3-7Y30,46.4
,AMD,Athlon II X4 631,46.4
,Intel,Pentium G620,46.4
,Intel,Core i5 650,46.3
,AMD,Athlon II X3 460,46.3
AD870KXBJCSBX,AMD,Athlon II X4 870K,46.2
,Intel,Core i7-5500U,46.2
,Intel,Core2 Extreme Q9300,46.1
,Intel,Core2 Quad Q9400,46.1
,Intel,Pentium B980,46.1
AD880KXBJCSBX,AMD,Athlon X4 880K,46.1
,AMD,A8-3850 APU,46.0
,AMD,A6-3670 APU,46.0
,AMD,Athlon II X4 645,46.0
,Intel,Core M-5Y70,46.0
,AMD,Phenom 9850,45.9
,Intel,Core i3 540,45.9
,Intel,Celeron G530,45.9
AD787KXDJCBOX,AMD,A10-7870K APU (2014 D.Ka),45.8
,AMD,Phenom II X2 550,45.8
,Intel,Core M-5Y10a,45.7
,Intel,Core i7-6500U,45.6
,Intel,Pentium B970,45.6
,Intel,Core i3 530,45.6
,Intel,Core2 Quad Q9300,45.5
,Intel,Core i5-7200U,45.4
AD860KXBJASBX,AMD,Athlon II X4 860K,45.4
,Intel,Core i3-3227U,45.4
,AMD,Athlon II X2 265,45.4
,AMD,Athlon II X4 635,45.3
,Intel,Core i5-2467M,45.3
,AMD,Phenom II X2 555,45.3
,AMD,Athlon II X3 455,45.2
,Intel,Xeon E5420,45.2
,AMD,Ryzen 3 2200U,45.1
,AMD,Phenom II X2 545,45.1
AD785KXBJABOX,AMD,A10-7850K APU (2014 D.Ka),45.1
,AMD,A8-7500 APU (2014 M.Ka),45.0
AD845XACKASBX,AMD,Athlon X4 845,45.0
,Intel,Core M-5Y71,45.0
,Intel,Core i5-7300U,45.0
YM300UC4T2OFG,AMD,Athlon 300U,44.9
,AMD,Athlon II X4 640,44.8
,Intel,Core2 Quad Q8400,44.6
,AMD,Athlon II X4 630,44.6
,Intel,Core i3-4030U,44.6
,AMD,A10-7700K APU (2014 D.Ka),44.6
,Intel,Core i7-6600U,44.5
,Intel,Core m3-6Y30,44.4
,Intel,Core i5-4210Y,44.4
,Intel,Pentium 2127U,44.4
,Intel,Core i5-3339Y,44.4
,AMD,Phenom 9750,44.4
,AMD,Athlon 64 X2 Dual Core 6400+,44.4
,Intel,Core M-5Y10c,44.4
,AMD,FX-770K (2014 D.Ka),44.3
,AMD,A6-3650 APU,44.3
,Intel,Core i5-4300Y,44.2
,Intel,Core2 Quad Q6700,44.2
,AMD,A4-6320 APU,44.1
,Intel,Celeron 1005M,44.1
,Intel,Pentium 3805U,44.1
AD9700AHABBOX,AMD,A10-9700E APU (2016 D.BR),44.1
,Intel,Core i5-2537M,44.0
AD9800AUABBOX,AMD,A12-9800 APU (2016 M.BR),44.0
,Intel,Core i3-4010U,44.0
,Intel,Pentium B940,44.0
,Intel,Core i3-1005G1,43.8
,Intel,Core2 Quad Q8300,43.8
,Intel,Core2 Duo E8600,43.7
,Intel,Core M-5Y51,43.7
AD765KXBJABOX,AMD,A8-7650K APU (2014 D.Ka),43.7
,Intel,Pentium B960,43.7
,Intel,Core i5-4300U,43.7
,AMD,A10-5757M APU,43.7
,AMD,Athlon II X3 450,43.6
,Intel,Core i7-7Y75,43.6
,AMD,Athlon II X4 620,43.6
,AMD,Athlon II X3 445,43.6
,Intel,Core m5-6Y57,43.5
,Intel,Core i3-6100U,43.4
AM973PAEY44AB,AMD,A12-9730P APU (2016 M.BR),43.4
,Intel,Core i3-7100U,43.4
,Intel,Pentium B950,43.3
,Intel,Core m5-6Y54,43.3
,Intel,Pentium 2117U,43.2
,Intel,Celeron 1037U,43.2
,AMD,Athlon II X3 440,43.1
,AMD,A8-3800 APU,43.1
,Intel,Xeon X3220,43.1
,Intel,Core2 Quad Q8200,43.0
,Intel,Core i7 M 640,43.0
,AMD,Athlon II X3 435,43.0
,AMD,Phenom 9650,43.0
,Intel,Core i3-3217U,43.0
,Intel,Core i5-4202Y,42.9
AD786KYBJCSBX,AMD,A10-7860K APU (2014 D.Ka),42.9
,Intel,Core i5 M 580,42.8
,Intel,Core m7-6Y75,42.8
,AMD,Phenom 9550,42.7
,Intel,Core i3-2375M,42.6
,Intel,Core2 Quad,42.6
,Intel,Core i3-4012Y,42.6
,Intel,Core i5-4200U,42.6
,AMD,Athlon II X2 270,42.6
,Intel,Celeron B830,42.6
,AMD,A10-4600M APU,42.6
,AMD,Athlon II X2 260,42.4
,Intel,Celeron 1000M,42.4
,Intel,Xeon E3110,42.4
,Intel,Celeron B820,42.3
AM963PAEY44AB,AMD,A10-9630P APU (2016 M.BR),42.2
,Intel,Core i3-2367M,42.2
,AMD,Athlon II X3 425,42.1
,Intel,Core i7 M 620,42.1
,Intel,Core i3 M 390,42.0
,AMD,A8-7600 APU (2014 D.Ka),41.9
AD9700AGABBOX,AMD,A10-9700 APU (2016 M.BR),41.9
,Intel,Xeon E5405,41.9
,Intel,Core2 Duo E8500,41.9
,AMD,Athlon II X2 255,41.8
,AMD,A8-5550M APU,41.7
,Intel,Core i5-5200U,41.7
BX80562Q6600,Intel,Core2 Quad Q6600,41.6
,Intel,Celeron B815,41.6
,AMD,Phenom II N660,41.6
,Intel,Core i5-5300U,41.6
,AMD,Athlon II X2 B24,41.6
,Intel,Core2 Quad Q9000,41.5
,Intel,Celeron 887,41.5
,AMD,A10-5750M APU,41.5
,Intel,Core i5 M 560,41.4
,Intel,Core i5-4210U,41.3
,Intel,Core2 Extreme X9100,41.3
,Intel,Core i5-6200U,41.3
,Intel,Core2 Duo E8300,41.3
,Intel,Core i3-2365M,41.2
,AMD,Athlon X2 240,41.1
,Intel,Celeron 1017U,41.1
,Intel,Core i5 M 480,41.1
,AMD,Phenom X3 8650,41.0
,AMD,A8-3530MX APU,40.9
,Intel,Core i5 M 540,40.9
,Intel,Pentium G6950,40.7
,Intel,Xeon E5345,40.7
,AMD,Phenom II N950,40.7
,AMD,A10-7800 APU (2014 D.Ka),40.7
,AMD,Ryzen 3 3200U,40.7
,Intel,Pentium E6800,40.7
AD9800AHABBOX,AMD,A12-9800E APU (2016 M.BR),40.7
,AMD,Athlon 64 X2 Dual Core 6000+,40.7
,Intel,Core2 Duo T9900,40.7
,Intel,Core2 Duo T9800,40.6
,Intel,Core i7 L 640,40.6
,AMD,Athlon II X2 245,40.6
,Intel,Celeron 877,40.5
,AMD,Athlon 7850,40.5
,AMD,A6-3620 APU,40.5
,Intel,Core i3-7020U,40.5
,AMD,Phenom 9150e,40.5
,Intel,Core i5-6300U,40.4
,Intel,Celeron B800,40.4
,AMD,A8-3510MX APU,40.3
,AMD,Athlon II X2 250 (2013 D.Ri),40.3
,Intel,Core2 Duo E8400,40.3
,Intel,Core2 Duo P9700,40.3
,Intel,Core i5 M 460,40.3
,AMD,A6-5400K APU,40.3
,Intel,Celeron 3205U,40.3
,Intel,Core2 Duo E8200,40.2
,Intel,Core i5 M 520,40.1
,AMD,Athlon II X2 240,40.1
,Intel,Core i5 M 450,40.0
,AMD,A4-6300 APU,40.0
,Intel,Pentium 987,39.9
,AMD,A4-5300 APU,39.9
AD9600AGABBOX,AMD,A8-9600 APU (2016 D.BR),39.9
,AMD,A6-6400K APU,39.8
FM983PAEY44AB,AMD,FX-9830P APU (2016 M.BR),39.8
,Intel,Core i3 M 380,39.8
,Intel,Core i3-2357M,39.8
,AMD,Phenom II N850,39.7
,AMD,Phenom II N930,39.7
,Intel,Pentium E6700,39.6
,Intel,Core2 Duo E7600,39.6
,Intel,Core2 X6800,39.6
,Intel,Core2 Duo E6850,39.6
,Intel,Xeon E5335,39.5
FH8068003067415,Intel,Pentium Silver J5005,39.5
,Intel,Core2 Duo T9500,39.4
,Intel,Celeron 1007U,39.4
,Intel,Core i5 M 430,39.4
,AMD,Phenom X3 8450,39.3
HE8067702740049,Intel,Pentium Gold 4425Y,39.3
,Intel,Core i3 M 370,39.3
,Intel,Core2 Duo E7500,39.2
,Intel,Core i7 L 620,39.2
,Intel,Pentium E6500,39.2
,AMD,A6-3500 APU,39.1
,AMD,A4-4000 APU,39.1
,Intel,Core2 Duo T9400,39.1
,AMD,FX-7600P APU (2014 M.Ka),39.1
,Intel,Core2 Duo P9500,39.0
,Intel,Pentium E6600,39.0
,AMD,A8-4500M APU,39.0
,Intel,Core2 6700,39.0
,Intel,Core2 Duo T9600,38.9
HE8067702740013,Intel,Pentium 4410Y,38.9
,AMD,Athlon 7750,38.8
,AMD,Athlon II X2 220,38.7
,AMD,Athlon 64 X2 Dual Core 5600+,38.6
,AMD,A6-7470K APU (2014 D.Ka),38.6
,Intel,Core2 Duo P9600,38.6
,Intel,Core2 Duo T9550,38.6
,Intel,Core i3-4005U,38.5
,Intel,Core2 Duo E7300,38.5
,Intel,Core i3 M 350,38.5
,AMD,Phenom II N830,38.4
,Intel,Core2 Duo E7400,38.4
,AMD,Athlon 64 X2 Dual Core 5400+,38.3
,AMD,A6-3410MX APU,38.3
,Intel,Pentium D 3.73GHz,38.3
HE8067702740018,Intel,Pentium Gold 4415Y,38.2
,Intel,Celeron 2957U,38.1
,Intel,Core2 Duo T9300,38.1
,Intel,Core i3 M 330,38.0
,Intel,Core M-5Y31,38.0
,AMD,Athlon II X2 215,37.8
,AMD,Turion II Ultra Mobile M600,37.8
,Intel,Core2 Duo E6750,37.8
,Intel,Core2 Duo E7200,37.8
,Intel,Pentium E6300,37.8
,AMD,A8-3520M APU,37.7
HE8066201931229,Intel,Pentium 4405Y,37.7
,Intel,Core2 Duo P9400,37.7
,Intel,Pentium 967,37.6
,Intel,Core2 Duo P8800,37.6
,Intel,Core i3-5005U,37.5
,Intel,Pentium E5800,37.5
,AMD,A8-3500M APU,37.4
BX80557E6550,Intel,Core2 Duo E6550,37.4
,AMD,Opteron 4171 HE,37.4
,AMD,A8-7200P APU (2014 M.Ka),37.3
,Intel,Core2 6600,37.3
,Intel,Core2 Duo P8700,37.3
,Intel,Core2 Duo T7700,37.1
,AMD,Athlon Dual Core 4850e,37.1
,Intel,Core2 Duo P9300,37.0
,AMD,Athlon 64 X2 Dual Core 5200+,36.8
,AMD,A10-4655M APU,36.8
,Intel,Core2 Duo P8400,36.8
,Intel,Core2 Duo L9600,36.7
,Intel,Core2 Duo P8600,36.7
,Intel,Core2 Duo T8300,36.6
,Intel,Pentium E5500,36.6
,Intel,Core2 Duo P7570,36.5
,Intel,Core2 6420,36.5
,AMD,A10-5745M APU,36.5
,Intel,Pentium E5700,36.5
,Intel,Core2 Duo L9400,36.5
,AMD,A10-7400P APU (2014 M.Ka),36.4
,AMD,A6-3420M APU,36.3
,Intel,Pentium P6200,36.2
,AMD,Athlon II P360,36.2
,Intel,Pentium E5400,36.2
,AMD,Phenom II P960,36.2
,Intel,Core i3-6006U,36.1
,Intel,Pentium E5200,36.0
,Intel,Pentium E5300,35.9
,AMD,A8-5545M APU,35.9
,AMD,Athlon 64 X2 Dual Core 5000+,35.8
,AMD,Athlon 64 X2 Dual Core 4600+,35.8
,AMD,Athlon X2 Dual Core BE-2400,35.8
,Intel,Atom Z3740D,35.8
,Intel,Xeon E5320,35.8
,Intel,Celeron E3200,35.7
,AMD,Sempron 145,35.7
FH8068003067403,Intel,Celeron J4105,35.7
,Intel,Core2 Duo P7550,35.7
,Intel,Celeron E3300,35.6
FM980PADY44AB,AMD,FX-9800P APU (2016 M.BR),35.6
,AMD,A4-3400 APU,35.5
,Intel,Core2 Duo P7450,35.5
,AMD,A4-3300 APU,35.5
,Intel,Core2 6400,35.5
,AMD,Phenom II P940,35.4
,Intel,Core2 Duo E4700,35.4
,AMD,Athlon Dual Core 4450e,35.4
,AMD,A10-9620P APU (2016 M.BR),35.3
,AMD,Turion II Neo N54L,35.3
,AMD,A6-4400M APU,35.2
,AMD,Athlon Dual Core 4450B,35.2
,Intel,Pentium J2900,35.2
AD9500AHABBOX,AMD,A6-9500E APU (2016 D.BR),35.2
,Intel,Pentium P6100,35.2
,Intel,Celeron E3400,35.2
,Intel,Core2 6320,35.1
,AMD,Sempron 140,35.1
,Intel,Core2 Duo T7500,35.1
,Intel,Core2 Duo T8100,35.0
,AMD,A4-4300M APU,35.0
,AMD,A12-9720P APU (2016 M.BR),35.0
,AMD,Athlon II P340,34.9
,AMD,A6-7400K APU (2014 D.Ka),34.8
,Intel,Core2 Duo P7350,34.8
,AMD,Athlon LE-1640,34.7
,AMD,Athlon 64 X2 Dual Core 4800+,34.7
,Intel,Pentium N3530,34.7
,AMD,A6-3400M APU,34.6
,Intel,Core2 Duo T6670,34.6
,Intel,Celeron Dual Core T3300,34.5
,Intel,Core2 Duo T6600,34.5
,AMD,Athlon 64 X2 Dual Core 4200+,34.5
,AMD,A8-4555M APU,34.5
,Intel,Core2 6300,34.5
,Intel,Pentium N3520,34.4
,Intel,Core2 Duo T6400,34.4
,Intel,Core2 Duo T6500,34.4
,Intel,Core2 Duo T7300,34.4
,AMD,A4-3330MX APU,34.3
,Intel,Core2 Duo E4600,34.3
,AMD,Athlon 64 3400+,34.2
,Intel,Xeon E5310,34.1
,Intel,Core2 Duo T5870,34.1
,AMD,A4-7210 APU (2015 M.Ca),34.0
,AMD,A9-9430 APU (2016 M.SR),34.0
,AMD,Athlon 64 X2 Dual Core 3800+,34.0
,Intel,Pentium T4400,34.0
,Intel,Core2 Duo T7250,34.0
,AMD,Athlon II P320,34.0
,AMD,V140,34.0
,AMD,Turion II Mobile M500,34.0
,Intel,Core2 T7600,34.0
,Intel,Celeron J1900,33.9
,Intel,Celeron Dual Core T3100,33.9
,Intel,Core2 Duo T5900,33.9
,Intel,Core2 Duo T5670,33.9
FH8068003067406,Intel,Pentium Silver N5000,33.9
AM970PADY44AB,AMD,A12-9700P APU (2016 M.BR),33.9
,Intel,Core2 Duo T6570,33.9
,Intel,Pentium T4500,33.9
,Intel,Pentium T4200,33.9
,AMD,Athlon 64 X2 Dual Core 4400+,33.9
,Intel,Celeron N2930,33.8
AD9500AGABBOX,AMD,A6-9500 APU (2016 D.BR),33.8
,AMD,Athlon 5350 APU R3,33.8
,Intel,Celeron 847,33.8
,Intel,Pentium T4300,33.7
,Intel,Core2 Duo T5800,33.6
,Intel,Pentium N3540,33.5
,AMD,V120,33.5
,Intel,Core2 Duo E4500,33.4
,AMD,Athlon 64 3000+,33.3
,AMD,Athlon II M320,33.3
,Intel,Core2 Duo E4400,33.3
,Intel,Core2 Duo L9300,33.3
,Intel,Core2 T7400,33.2
,Intel,Pentium Dual E2200,33.2
,AMD,Athlon 64 3500+,33.2
,Intel,Core2 Duo L7500,33.1
AM960PADY44AB,AMD,A10-9600P APU (2016 M.BR),33.1
,Intel,Core2 4400,33.1
,Intel,Pentium Dual E2180,33.0
,AMD,A4-3300M APU,33.0
,Intel,Pentium J4205,32.9
,Intel,Pentium Dual T3400,32.9
,AMD,Turion 64 X2 Mobile Technology TL-60,32.9
,AMD,FX-7500 APU (2014 M.Ka),32.8
,Intel,Core2 Duo U9600,32.7
,Intel,Core2 Duo T7100,32.7
FH8068003067408,Intel,Celeron N4100,32.7
,AMD,Athlon 64 3800+,32.6
,AMD,Turion X2 Ultra Mobile ZM-82,32.6
,Intel,Core2 4300,32.5
,AMD,A6-7310 APU (2015 M.Ca),32.5
,Intel,Core2 Duo U9400,32.4
,Intel,Atom Z3775,32.3
,Intel,Pentium N3510,32.3
,AMD,Athlon 64 X2 Dual Core 3600+,32.3
,Intel,Core2 T7200,32.2
,Intel,T2500,32.2
,AMD,A8-7100 APU (2014 M.Ka),32.1
,Intel,Core2 Duo T5850,32.1
,Intel,Pentium 4 3.80GHz,32.1
,AMD,A6-4455M APU,32.1
,AMD,Turion 64 Mobile Technology ML-32,32.1
,Intel,Pentium D 3.40GHz,32.1
,AMD,Athlon 64 4000+,32.1
,Intel,Pentium Dual E2160,32.1
,Intel,T2400,31.9
,Intel,T2600,31.9
,Intel,Pentium Dual T3200,31.9
,AMD,A8-6410 APU R5 Graphics,31.8
,AMD,Athlon II M300,31.8
,AMD,Athlon 64 3200+,31.8
,AMD,Turion 64 X2 Mobile Technology TL-58,31.7
,AMD,A4-4355M APU,31.7
,Intel,T2300,31.5
,Intel,Core2 T5500,31.5
,Intel,Core2 Duo T5750,31.5
,AMD,A4-3305M APU,31.5
,Intel,Core2 T5600,31.4
,Intel,Core2 Duo T5550,31.2
,AMD,A8-7410 APU (2015 M.Ca),31.2
,Intel,Atom Z3770,31.1
,Intel,Core2 Duo T5450,31.1
,Intel,Core i3 U 380,30.9
,Intel,2140,30.9
,Intel,Pentium D 3.20GHz,30.9
,AMD,Athlon 64 X2 Dual Core 4000+,30.9
,Intel,Celeron N2920,30.9
,Intel,Pentium Dual E2140,30.7
,Intel,T2080,30.7
,Intel,Pentium 4 3.40GHz,30.7
,Intel,Core i5 U 470,30.7
,Intel,Core2 Duo T5250,30.6
,AMD,A10-7300 APU (2014 M.Ka),30.6
,Intel,Core2 Duo L7100,30.6
,AMD,Turion 64 X2 Mobile Technology TL-56,30.5
,AMD,A6-5200 APU,30.4
,Intel,Celeron 900,30.3
,AMD,A9-9400 APU (2016 M.SR),30.3
AM9210AVY23AC,AMD,A6-9210 APU (2016 M.SR),30.3
,Intel,U7300,30.1
,Intel,Core i3 U 330,30.1
,Intel,Pentium 4 3.20GHz,30.1
,Intel,T2250,30.0
,Intel,U2300,29.9
,Intel,Atom Z3740,29.9
,Intel,Core2 T5300,29.9
,Intel,Core Duo T2350,29.9
,AMD,E2-3000M APU,29.9
,AMD,Turion 64 X2 Mobile Technology TL-52,29.8
,AMD,Turion X2 Dual-Core Mobile RM-70,29.8
,Intel,Pentium N4200,29.8
,Intel,Celeron E1500,29.7
,Intel,Celeron E1400,29.7
,Intel,Pentium D 3.00GHz,29.6
,AMD,A9-9410 APU (2016 M.SR),29.6
,Intel,Pentium Dual T2370,29.6
,Intel,575,29.5
,AMD,A4-6210 APU R3 Graphics,29.5
,Intel,Pentium D 2.80GHz,29.5
,AMD,Sempron 3400+,29.4
,AMD,E2-7110 APU (2015 M.Ca),29.4
,Intel,U4100,29.3
,AMD,Turion II Neo N40L,29.3
,Intel,Pentium 4 3.00GHz,29.2
,AMD,A4-9120 APU (2016 M.SR),29.2
,Intel,Core2 T5200,29.2
AM9220AYN23AC,AMD,A6-9220 APU (2016 M.SR),29.2
,Intel,Celeron J3455,29.1
,Intel,Celeron N2830,29.1
,AMD,Athlon X2 Dual-Core QL-65,29.1
,Intel,Pentium Dual T2330,29.1
,Intel,Pentium Dual T2310,29.0
AM9200AKN23AC,AMD,A6-9200 APU (2016 M.SR),28.9
,Intel,Pentium Dual T2390,28.8
,AMD,A9-9420 APU (2016 M.SR),28.4
,Intel,Celeron N2840,28.4
,Intel,Pentium M processor 1.86GHz,28.3
,AMD,Sempron 3600+,28.3
FH8068003067416,Intel,Celeron J4005,28.3
,AMD,Athlon 64 X2 Dual Core TK-55,28.2
,Intel,Pentium 4 2.80GHz,28.1
,AMD,E2-9000 APU (2016 M.SR),28.0
,AMD,Athlon X2 Dual-Core QL-64,27.9
,AMD,E2-9010 APU (2016 M.SR),27.9
,Intel,Pentium M processor 1.73GHz,27.9
,AMD,AthlonX2 DualCore QL-60,27.9
,AMD,Athlon Neo X2 Dual Core L335,27.7
,Intel,Celeron N3160,27.6
,Intel,Celeron N2815,27.4
,Intel,Atom x7-Z8700,27.3
,AMD,E-350D APU,27.3
,Intel,Celeron N2820,27.3
,AMD,Athlon 64 X2 Dual Core TK-53,27.1
,AMD,E2-2000 APU (2012 M.Za),27.1
,AMD,A9-9425 APU (2016 M.SR),27.1
,Intel,Celeron N3450,27.0
,AMD,Sempron 3000+,26.8
,Intel,Atom x7-Z8750,26.7
,AMD,Sempron 2800+,26.7
,AMD,A4-5000 APU,26.6
,Intel,Atom x5-Z8550,26.6
,AMD,Athlon X2 Dual Core BE-2300,26.6
,Intel,Atom D2700,26.4
,Intel,Atom x5-Z8330,26.4
,AMD,A6-7000 APU (2014 M.Ka),26.3
,Intel,Celeron N3150,26.3
,Intel,Celeron 723,26.3
,Intel,Pentium N3700,26.2
,Intel,Atom x5-Z8500,26.1
,AMD,E2-9000e APU (2016 M.SR),26.1
,Intel,Pentium D 2.66GHz,26.1
,Intel,Atom N2800,26.0
,AMD,Athlon Neo MV-40,25.9
,AMD,E-450 APU,25.8
,AMD,Athlon 2650e,25.6
,Intel,Pentium 4 2.93GHz,25.6
,Intel,Pentium M processor 1.60GHz,25.5
EM1800GBB22GV,AMD,E2-1800 APU (2012 M.Za),25.4
,Intel,Pentium 4 2.60GHz,25.4
,AMD,E-350,25.4
,Intel,Pentium N3710,25.1
,Intel,Celeron M 430,25.1
,Intel,Pentium 4 3.06GHz,25.0
,Intel,Celeron J3355,24.9
,Intel,Celeron N3010,24.4
FH8068003067417,Intel,Celeron N4000,23.8
,Intel,Atom x5-Z8300,23.7
,Intel,Pentium 4 2.40GHz,23.4
,AMD,E1-1200 APU,23.2
,Intel,Pentium 4 2.66GHz,23.0
,Intel,Atom D525,22.9
,Intel,Celeron N3000,22.9
,AMD,C-60 APU,22.8
,AMD,E-300 APU,22.5
,Intel,Atom N2600,21.9
,AMD,E1-7010 APU (2015 M.Ca),21.8
,Intel,Atom N570,21.5
,Intel,Celeron 2.80GHz,21.4
,Intel,Atom x5-Z8350,21.4
,Intel,Celeron M processor 1.50GHz,21.3
,AMD,C-50,21.2
,Intel,Celeron N3350,20.9
,Intel,Celeron N4020,20.9
,AMD,E1-2500 APU,20.9
,Intel,Celeron D 3.06GHz,20.7
,Intel,Atom N550,20.7
,Intel,Atom N455,20.7
,Intel,Atom 330,20.6
,Intel,Atom N450,20.4
,Intel,Atom D410,20.3
,Intel,Atom N280,20.3
,Intel,Atom N270,20.1
,Intel,Atom D510,20.0
,Intel,Atom N435,19.7
,Intel,Atom 230,19.2
,Intel,Celeron N3050,19.0
,AMD,Z-60 APU,18.8
,Intel,Celeron N3060,18.4
,AMD,E1-2100 APU,17.5
,Intel,Atom Z520,17.3
,AMD,A4-1250 APU,17.2
,Intel,Atom Z2760,17.1
,AMD,A4-1200 APU,17.1
,AMD,Phenom 9600,16.0
,AMD,Phenom 9500,14.7
