designation,price,description
Corsair 4000D AIRFLOW Tempered Glass (Noir),92.95,Boîtier Moyen Tour avec panneau en verre trempé et façade avant MESH
Zalman R2 Blanc,49.95,Boîtier Moyen Tour avec fenêtre latérale en verre trempé et ventilateur 120mm RGB
Fractal Design North Charcoal Black TG Dark,159.95,Boîtier Moyen Tour avec fenêtre en verre trempé et façade en noyer
Zalman S5 Noir,64.50,Boîtier Moyen Tour avec fenêtre latérale en verre trempé et éclairage RGB
Cooler Master MasterBox Q500L,54.50,Boîtier Moyen Tour Noir modulable - panneau latéral transparent
Lian Li O11 Dynamic EVO (Blanc),143.95,Boitier moyen tour en aluminium et verre trempé
Zalman T6,38.75,Boîtier Moyen Tour avec 1 ventilateur 120 mm
NZXT H9 Flow Noir,160.95,Boîtier moyen tour avec fenêtre latérale en verre trempé
be quiet! Pure Base 500 (Noir),90.50,Boîtier moyen tour
Zalman S2 TG,47.50,Boîtier Moyen Tour Noir avec fenêtre en verre trempé
Corsair iCUE 4000X RGB Tempered Glass (Noir),135.95,Boîtier Moyen Tour avec panneau en verre trempé et ventilateurs LED RGB
Aerocool CS-107-A-BK-V2,25.25,"Boîtier Mini Tour avec façade mesh, panneau latéral en acrylique et 3 ventilateurs ARGB"
NZXT H5 Flow Noir,88.95,Boîtier moyen tour compact avec fenêtre latérale en verre trempé
Lian Li O11D XL ROG Certified (Noir),194.95,Boitier moyen-tour en aluminium et verre trempé avec système RGB adressable
Cooler Master MasterBox Q300L,47.50,Boîtier Mini Tour Noir modulable - panneau latéral transparent
Lian Li O11 Dynamic EVO (Noir),143.95,Boitier moyen tour en aluminium et verre trempé
Cooler Master MasterBox TD500 Mesh Noir V2,92.50,"Boîtier Moyen Tour avec façade mesh, fenêtre en verre trempé et 3 ventilateurs 120mm ARGB PWM"
Cooler Master Elite 500 ODD Noir,58.95,Boîtier Moyen Tour - Noir
Aerocool CS-106 (Noir),21.25,Boîtier Mini Tour
Aerocool Split,25.25,Boîtier Moyen Tour avec avec fenêtre en acrylique et rétroéclairage RGB en façade
Antec DF800 FLUX Noir,100.95,Boîtier Moyen Tour avec fenêtre en verre trempé et 3 ventilateurs ARGB
Cooler Master MasterBox TD500 Mesh Blanc V2,92.50,"Boîtier Moyen Tour avec façade mesh, fenêtre en verre trempé et 3 ventilateurs 120mm ARGB PWM"
Zalman S5 Blanc,64.50,Boîtier Moyen Tour avec fenêtre latérale en verre trempé et éclairage RGB
MSI MAG FORGE 100R,67.50,Boîtier Moyen Tour avec panneau latéral en verre trempé et rétroéclairage ARGB
Phanteks NV7 Tempered Glass (Blanc),168.95,Boîtier grand tour avec fenêtre latérale et façade en verre trempé
Fractal Design Focus G Noir,58.95,Boîtier Moyen Tour Noir avec fenêtre
Lian Li O11 Air Mini (Noir),101.95,Boitier moyen-tour en aluminium avec panneaux en mesh et verre trempé
NZXT H7 Flow RGB Noir,139.95,Boîtier moyen tour compact avec fenêtre latérale en verre trempé et ventilateurs RGB
Zalman Z10 Plus,101.95,"Boîtier Moyen Tour avec panneau en verre trempé, façade mesh et 4 ventilateurs ARGB"
Fractal Design Core 2300,51.50,Boîtier Moyen Tour Noir
Zalman S4 Plus,58.95,Boîtier Moyen Tour avec fenêtre latérale en acrylique et ventilateurs RGB
Aerocool Prism G V2,75.95,Boîtier Moyen Tour avec fenêtre et façade en verre trempé et ventilateurs FRGB
Fractal Design North Chalk White TG Clear,159.95,Boîtier Moyen Tour avec fenêtre en verre trempé et façade en chêne
Antec AX20,47.50,Boîtier Moyen Tour avec fenêtre en verre trempé et 3 ventilateurs 120 mm RGB
Aerocool Rift (noir),37.95,Boîtier Moyen Tour avec fenêtre en acrylique et rétroéclairage RGB en façade
be quiet! Silent Base 802 (Noir),166.95,Boîtier grand tour
Corsair iCUE 7000X RGB Tempered Glass (Noir),315.95,Boîtier Grand Tour avec panneaux en verre trempé et 4 ventilateurs LED ARGB
Fractal Design North Charcoal Black,160.95,Boîtier Moyen Tour avec panneau latéral en mesh et façade en noyer
Aerocool Streak,25.25,Boîtier Moyen Tour avec avec fenêtre en acrylique et rétroéclairage RGB en façade
Antec P10C,90.50,Boîtier Moyen Tour silencieux avec 4 ventilateurs 120 mm
Lian Li LANCOOL 215 Noir,75.95,Boitier Moyen-Tour avec panneau latéral en verre trempé et façade Mesh
Lian Li O11 Dynamic Mini (Snow Edition),101.95,be quiet! Silent Base 802 (Blanc) - Boîtier grand tour
be quiet! Pure Base 500 Window (Noir),96.95,Antec P20CE - Boîtier Moyen Tour E-ATX avec 3 ventilateurs PWM 120 mm
NZXT H9 Flow Blanc,160.95,be quiet! Silent Base 802 Window (Blanc) - Boîtier grand tour avec fenêtre en verre trempé
Aerocool Cylon (Noir),51.50,Phanteks Eclipse G360A (Noir) - Boîtier moyen tour avec panneau latéral en verre trempée et façade métal ajourée
Corsair 4000D AIRFLOW Tempered Glass (Blanc),92.95,Fractal Design Define C Noir - Boîtier Moyen Tour Noir
Corsair 7000D Airflow (Noir),281.95,Xigmatek DUKE Noir - Boîtier Moyen Tour avec fenêtre en verre trempé
Phanteks Eclipse G360A (Blanc),71.95,NZXT H5 Flow RGB Blanc - Boîtier moyen tour compact avec fenêtre latérale en verre trempé et ventilateurs RGB
NZXT H5 Flow RGB Noir,110.95,Antec P7 Silent - Boîtier Moyen Tour
ASUS TUF Gaming GT502 - Noir,170.95,Lian Li O11 Dynamic Mini (Noir) - Boitier moyen-tour en aluminium et verre trempé
be quiet! Silent Base 802 Window (Noir),175.95,Antec DF700 FLUX Noir - Boîtier Moyen Tour ARGB avec fenêtre en verre trempé
Antec NX210,58.95,Fractal Design Focus G Blanc - Boîtier Moyen Tour Blanc avec fenêtre
be quiet! Silent Base 802 (Blanc),166.95,Spirit of Gamer Clone 3 ARGB Edition - Boîtier Moyen Tour Noir avec fenêtre et rétroéclairage ARGB
Antec P20CE,107.95,"Cooler Master HAF500 Noir - Boîtier Moyen Tour avec façade mesh, fenêtre latérale en verre trempé, 3 ventilateurs ARGB et 1 ventilateur orientable"
be quiet! Silent Base 802 Window (Blanc),175.95,Aerocool SI-5100 Mesh (Noir) - Boîtier Moyen Tour
Phanteks Eclipse G360A (Noir),71.95,Fractal Design Define 7 XL Solid Noir - Boîtier Grand Tour avec panneaux insonorisés en acier et trois ventilateurs 140 mm
Fractal Design Define C Noir,101.95,be quiet! Dark Base 700 RGB LED (Noir) - Boîtier moyen tour RGB LED
Xigmatek DUKE Noir,46.50,Cooler Master N200 Noir - Boîtier Mini Tour - Noir
NZXT H5 Flow RGB Blanc,110.95,NZXT H7 Flow Noir - Boîtier moyen tour avec fenêtre latérale en verre trempé
Antec P7 Silent,72.95,be quiet! Silent Base 601 Window (Noir) - Boîtier moyen tour avec fenêtre latérale en verre trempé
Lian Li O11 Dynamic Mini (Noir),101.95,Lian Li O11 Air Mini (Blanc) - Boitier moyen-tour en aluminium avec panneaux en mesh et verre trempé
Antec DF700 FLUX Noir,96.95,NZXT H7 Flow RGB Blanc - Boîtier moyen tour compact avec fenêtre latérale en verre trempé et ventilateurs RGB
Fractal Design Focus G Blanc,58.95,Aerocool Cylon Mini (blanc) - Boîtier Mini Tour avec fenêtre latérale et rétroéclairage RGB en façade
Spirit of Gamer Clone 3 ARGB Edition,54.95,Aerocool Rift TG (Noir) - Boîtier Moyen Tour avec fenêtre en verre trempé et rétroéclairage RGB en façade
Cooler Master HAF500 Noir,134.95,Cooler Master Silencio S400 - Boîtier Mini Tour avec gestion du bruit avancée
Aerocool SI-5100 Mesh (Noir),29.50,Corsair iCUE 4000X RGB Tempered Glass (Blanc) - Boîtier Moyen Tour avec panneau en verre trempé et ventilateurs LED RGB
Fractal Design Define 7 XL Solid Noir,223.95,"Cooler Master MasterBox MB520 Mesh ARGB - Boîtier moyen tour avec fenêtre latérale en verre trempé, façade Mesh et ventilateurs ARGB"
be quiet! Dark Base 700 RGB LED (Noir),207.95,Xigmatek Aquarius Pro (Blanc) - Boîtier Moyen Tour avec fenêtres en verre trempé et rétroéclairage ARGB avec télécommande fournie
Cooler Master N200 Noir,54.50,Phanteks Enthoo Pro - Boîtier grand-tour (coloris noir)
NZXT H7 Flow Noir,118.95,Fractal Design Core 1000 USB 3.0 - Boîtier Mini Tour Noir
be quiet! Silent Base 601 Window (Noir),148.95,Aerocool Tomahawk-A - Boîtier Moyen Tour avec avec fenêtre en acrylique et façade en mesh
Lian Li O11 Air Mini (Blanc),101.95,Corsair 5000D Airflow (Noir) - Boîtier Moyen Tour avec panneau en verre trempé et structure ajourée
NZXT H7 Flow RGB Blanc,139.95,Fractal Design Focus 2 Solid (Noir) - Boîtier Moyen Tour Noir
Aerocool Cylon Mini (blanc),29.50,Fractal Design Define XL R2 Black Pearl - Boîtier Grand Tour Noir/Noir
Aerocool Rift TG (Noir),42.25,Spirit of Gamer Deathmatch 3 ARGB Edition - Boîtier Mini Tour Noir avec fenêtre et rétroéclairage ARGB
Cooler Master Silencio S400,90.50,MSI MPG VELOX 100R - Boîtier Moyen Tour Gaming avec panneaux en verre trempé et ventilateurs ARGB
Corsair iCUE 4000X RGB Tempered Glass (Blanc),135.95,Mars Gaming MC-ART Noir - Boîtier moyen tour avec fenêtre latérale et façade en verre trempé personnalisables et éclairage LED ARGB
Cooler Master MasterBox MB520 Mesh ARGB,111.95,NZXT H5 Elite Noir - Boîtier moyen tour compact avec fenêtre latérale en verre trempé
Xigmatek Aquarius Pro (Blanc),160.95,Fractal Design Meshify C TG (Noir) - Boîtier Moyen Tour Noir avec fenêtre en verre trempé
Phanteks Enthoo Pro,101.95,be quiet! Silent Base 601 (Noir) - Boîtier moyen tour
Fractal Design Core 1000 USB 3.0,42.25,Boîtier Mini Tour Noir
Aerocool Tomahawk-A,27.95,"BitFenix Nova MESH SE TG ARGB (Noir) - Boîtier moyen tour avec fenêtre en verre trempé, façade mesh et 4 ventilateurs ARGB"
Corsair 5000D Airflow (Noir),169.95,Hyte Y60 (Rouge) - Boitier moyen tour avec parois en verre trempé
Fractal Design Focus 2 Solid (Noir),71.95,Lian Li O11D XL ROG Certified (Blanc) - Boitier moyen-tour en aluminium et verre trempé avec système RGB adressable
Fractal Design Define XL R2 Black Pearl,139.95,"Lian Li LANCOOL II Noir - Boitier Moyen-Tour avec panneaux en verre trempé, 3 ventilateurs 120 mm et éclairage RGB"
Spirit of Gamer Deathmatch 3 ARGB Edition,37.95,Xigmatek Aquarius Plus ARGB (Blanc) - Boîtier Moyen Tour avec fenêtres en verre trempé et rétroéclairage ARGB avec télécommande fournie
MSI MPG VELOX 100R,118.95,Cooler Master CMP510 - Boîtier moyen tour avec fenêtre latérale en verre trempé et façade LED ARGB
Mars Gaming MC-ART Noir,48.95,Lian Li O11 Dynamic EVO (Gris) - Boitier moyen tour en aluminium et verre trempé
NZXT H5 Elite Noir,126.95,Phanteks Enthoo Primo (noir) - Boîtier grand-tour avec fenêtre latérale
Fractal Design Meshify C TG (Noir),92.95,NZXT H7 Flow Blanc - Boîtier moyen tour avec fenêtre latérale en verre trempé
be quiet! Silent Base 601 (Noir),138.95,MSI MAG FORGE 110R - Boîtier Moyen Tour gaming avec fenêtre en acrylique et 1 ventilateur ARGB
Phanteks Eclipse P400A RGB (Blanc),84.50,DeepCool CC560 A-RGB (Noir) - Boîtier Moyen Tour avec fenêtre latérale en verre trempé et 4 ventilateurs A-RGB préinstallés
BitFenix Nova MESH SE TG ARGB (Noir),76.95,Fractal Design North Chalk White - Boîtier Moyen Tour avec panneau latéral mesh et façade en chêne
Hyte Y60 (Rouge),177.95,Cooler Master MasterBox MB600L V2 (Noir) - Boîtier Moyen Tour - Noir
Lian Li O11D XL ROG Certified (Blanc),194.95,"Corsair 4000D RGB Airflow (Noir) - Boîtier Moyen Tour avec panneau en verre trempé, façade avant Mesh"
Lian Li LANCOOL II Noir,93.95,ASUS ROG Hyperion GR701 - Boîtier PC Gaming RGB Grand Tour avec fenêtre en verre trempé et châssis aluminium
Xigmatek Aquarius Plus ARGB (Blanc),156.95,Antec VSK-3000B-U3/U2 - Boîtier Mini Tour
Cooler Master CMP510,85.95,Lian Li PC-O11DX - Boitier moyen-tour en aluminium et verre trempé avec USB 3.1 Type C (coloris noir)
Lian Li O11 Dynamic EVO (Gris),143.95,"MSI MAG VAMPIRIC 100R - Boîtier Moyen Tour avec panneau latéral en verre trempé, panneau avant maillé et rétroéclairage ARGB"
Phanteks Enthoo Primo (noir),211.95,Cooler Master MasterBox MB540 ARGB - Boîtier moyen tour avec fenêtre latérale en verre trempé et façade LED ARGB
NZXT H7 Flow Blanc,118.95,"Cooler Master HAF500 Blanc - Boîtier Moyen Tour avec façade mesh, fenêtre latérale en verre trempé, 3 ventilateurs ARGB et 1 ventilateur orientable"
MSI MAG FORGE 110R,54.95,Fractal Design Pop Silent Solid (Noir) - Boîtier Moyen Tour silencieux Noir
DeepCool CC560 A-RGB (Noir),75.95,Cooler Master HAF 700 - Boîtier Grand Tour avec fenêtre latérale en verre trempé
Fractal Design North Chalk White,160.95,NZXT H9 Elite Blanc - Boîtier moyen tour avec fenêtre latérale en verre trempé
Cooler Master MasterBox MB600L V2 (Noir),54.50,Xigmatek Aqua M - Boîtier Mini Tour avec façade et paroi en verre trempé et 5 ventilateurs ARGB
Corsair 4000D RGB Airflow (Noir),160.95,Fractal Design Define R5 Black - Boîtier Moyen Tour Noir
ASUS ROG Hyperion GR701,427.95,Antec NX100 Gris - Boîtier Moyen Tour avec fenêtre
Antec VSK-3000B-U3/U2,42.95,Fractal Design Define 7 Solid Noir - Boîtier Moyen Tour avec panneaux insonorisés en acier et trois ventilateurs 140 mm
Lian Li PC-O11DX,126.95,Zalman R2 Noir - Boîtier Moyen Tour avec fenêtre latérale en verre trempé et ventilateur 120mm RGB
MSI MAG VAMPIRIC 100R,63.50,MSI MPG GUNGNIR 110R Noir - Boîtier Moyen Tour Gaming avec fenêtre en verre trempé et rétroéclairage ARGB
Cooler Master MasterBox MB540 ARGB,110.95,"Cooler Master MasterBox NR200P MAX - Noir - Boîtier Mini Tour avec panneau en verre trempé, watercooling AIO et alimentation 100% modulaire 850W 80PLUS Gold"
Cooler Master HAF500 Blanc,134.95,Cooler Master MasterBox MB520 TG ARGB (Blanc) - Boîtier moyen tour avec fenêtre latérale et façade en verre trempé et ventilateurs ARGB
Fractal Design Pop Silent Solid (Noir),80.50,be quiet! Pure Base 500 FX (Noir) - Boîtier moyen tour avec fenêtre en verre trempé et LEDs ARGB
Cooler Master HAF 700,305.95,Antec P20C - Boîtier Moyen Tour E-ATX avec fenêtre en verre trempé et 3 ventilateurs PWM 120 mm
NZXT H9 Elite Blanc,245.95,"Corsair 5000D RGB Airflow (Noir) - Boîtier Moyen Tour avec panneau en verre trempé, structure ajourée et 3 ventilateurs AF120 RGB Elite"
Xigmatek Aqua M,75.95,Phanteks NV7 Tempered Glass (Noir) - Boîtier grand tour avec fenêtre latérale et façade en verre trempé
Fractal Design Define R5 Black,118.95,Antec NSK 3100 - Boîtier Mini Tour
Antec NX100 Gris,49.25,Spirit of Gamer Rogue 6 ARGB Edition - Boîtier Moyen Tour Noir avec fenêtre en verre trempé et rétroéclairage ARGB
Fractal Design Define 7 Solid Noir,168.95,"Cooler Master MasterBox TD300 Mesh Blanc - Boîtier Mini Tour avec façade mesh, fenêtre en verre trempé et 2 ventilateurs 120mm ARGB PWM"
Zalman R2 Noir,45.75,Aerocool Cylon Mini (noir) - Boîtier Mini Tour avec fenêtre latérale et rétroéclairage RGB en façade
MSI MPG GUNGNIR 110R Noir,101.95,Aerocool Cylon Pro Tempered Glass (Noir) - Boîtier Moyen Tour avec fenêtre latérale et rétroéclairage RGB en façade
Cooler Master MasterBox NR200P MAX - Noir,314.95,Xigmatek Aquarius Plus ARGB (Noir) - Boîtier Moyen Tour avec fenêtres en verre trempé et rétroéclairage ARGB avec télécommande fournie
Cooler Master MasterBox MB520 TG ARGB (Blanc),111.95,MSI MPG GUNGNIR 111R - Boîtier Moyen Tour gaming avec fenêtre en verre trempé et 4 ventilateurs ARGB
be quiet! Pure Base 500 FX (Noir),143.95,Antec DF700 FLUX Blanc - Boîtier Moyen Tour ARGB avec fenêtre en verre trempé
Antec P20C,101.95,Boîtier Moyen Tour E-ATX avec fenêtre en verre trempé et 3 ventilateurs PWM 120 mm
Corsair 5000D RGB Airflow (Noir),230.95,NZXT H9 Elite Noir - Boîtier moyen tour avec fenêtre latérale en verre trempé
Phanteks NV7 Tempered Glass (Noir),168.95,Aerocool Wave G V2 - Boîtier Moyen Tour avec fenêtre en verre trempé et ventilateurs FRGB
Antec NSK 3100,58.95,Antec VSK-4000B-U3/U2 - Boîtier Moyen Tour
Spirit of Gamer Rogue 6 ARGB Edition,58.95,Cooler Master Silencio S600 - Boîtier Moyen Tour Silencieux
Cooler Master MasterBox TD300 Mesh Blanc,77.50,Corsair iCUE 5000X RGB Tempered Glass (Noir) - Boîtier Moyen Tour avec panneau en verre trempé et ventilateurs LED RGB
Aerocool Cylon Mini (noir),29.50,MSI MAG SHIELD 110R - Boîtier Moyen Tour avec panneau latéral en verre trempé et rétroéclairage ARGB
Aerocool Cylon Pro Tempered Glass (Noir),54.95,Corsair iCUE 5000T RGB (Noir) - Boîtier Moyen Tour avec panneau en verre trempé et ventilateurs LED ARGB
Xigmatek Aquarius Plus ARGB (Noir),156.95,MSI MAG FORGE 111R - Boîtier Moyen Tour gaming avec fenêtre en verre trempé et 1 ventilateur ARGB
MSI MPG GUNGNIR 111R,101.95,NZXT H5 Flow Blanc - Boîtier moyen tour compact avec fenêtre latérale en verre trempé
Antec DF700 FLUX Blanc,100.95,"Aerocool Graphite ARGB - Boîtier Moyen Tour avec façade mesh, panneau latéral en verre trempé et rétroéclairage ARGB"
Fractal Design Pop Air RGB TG (Noir),92.95,Fractal Design Torrent Black TG Light (Noir) - Boîtier Moyen Tour Noir avec fenêtre en verre trempé (light)
NZXT H9 Elite Noir,245.95,MSI MPG GUNGNIR 110R Blanc - Boîtier Moyen Tour Gaming avec fenêtre en verre trempé et rétroéclairage ARGB
Aerocool Wave G V2,51.50,Fractal Design Pop Air TG (Noir) - Boîtier Mini Tour Noir avec fenêtre en verre trempé
Antec VSK-4000B-U3/U2,51.50,Cooler Master Elite 300 - Boîtier Mini Tour
Cooler Master Silencio S600,96.95,Aerocool Cylon (Blanc) - Boîtier Moyen Tour avec fenêtre latérale et rétroéclairage RGB en façade
Corsair iCUE 5000X RGB Tempered Glass (Noir),204.95,Antec P101 Silent - Boîtier Moyen Tour avec isolant phonique
MSI MAG SHIELD 110R,85.50,be quiet! Pure Base 500DX (Noir) - Boîtier moyen tour avec fenêtre en verre trempé et LEDs ARGB
Corsair iCUE 5000T RGB (Noir),366.95,MSI MPG QUIETUDE 100S - Boîtier Moyen Tour Gaming avec fenêtre en verre trempé et panneaux insonorisés
MSI MAG FORGE 111R,58.95,Textorm TB1 - Boîtier compact Mini Tour avec alimentation 250W 80PLUS Gold
NZXT H5 Flow Blanc,88.95,Lian Li LANCOOL III RGB Blanc - Boitier Moyen-Tour avec panneaux en verre trempé et 4 ventilateurs 140 mm
Aerocool Graphite ARGB,63.50,Lian Li LANCOOL III RGB Noir - Boitier Moyen-Tour avec panneaux en verre trempé et 4 ventilateurs 140 mm
Fractal Design Torrent Black TG Light (Noir),202.95,be quiet! Pure Base 500 (Blanc) - Boîtier moyen tour
MSI MPG GUNGNIR 110R Blanc,143.95,Fractal Design Define 7 Compact Solid Noir - Boîtier Moyen Tour avec panneaux insonorisés
Fractal Design Pop Air TG (Noir),80.50,Spirit of Gamer Ghost 3 ARGB Edition - Boîtier Moyen Tour Noir avec fenêtre et rétroéclairage ARGB
Cooler Master Elite 300,50.95,"DeepCool GamerStorm Matrexx 55 Mesh ADD-RGB 4F Noir - Boîtier Moyen Tour avec façade mesh, fenêtre en verre trempé et rétro-éclairage ARGB"
Aerocool Cylon (Blanc),37.95,ASUS ROG Strix Helios - Blanc - Boîtier PC Gaming RGB Moyen Tour avec fenêtre en verre trempé et châssis aluminium
Antec P101 Silent,117.95,Fractal Design Torrent Compact Solid (Noir) - Boîtier Moyen Tour Noir
be quiet! Pure Base 500DX (Noir),117.95,Fractal Design Focus 2 RGB TG (Noir) - Boîtier Moyen Tour Noir avec fenêtre en verre trempé et rétroéclairage RGB
MSI MPG QUIETUDE 100S,128.95,Cooler Master MasterBox MB320L ARGB - Boîtier Mini Tour Noir avect rétro-éclairage ARGB et contrôleur ARGB
Textorm TB1,96.95,Hyte Y40 (Blanc) - Boitier moyen tour avec parois en verre trempé
Lian Li LANCOOL III RGB Blanc,139.95,be quiet! Pure Base 600 Window Noir - Boîtier moyen tour avec fenêtre
Lian Li LANCOOL III RGB Noir,139.95,Cooler Master COSMOS C700M - Boîtier Grand Tour avec fenêtres en verre trempé
be quiet! Pure Base 500 (Blanc),94.50,Aerocool Cylon Pro Tempered Glass (Blanc) - Boîtier Moyen Tour avec fenêtre latérale et rétroéclairage RGB en façade
Fractal Design Define 7 Compact Solid Noir,118.95,Fractal Design Meshify 2 XL TG Light (Noir) - Boîtier Moyen Tour avec panneau latéral en verre trempé
Spirit of Gamer Ghost 3 ARGB Edition,63.50,"Aerocool Atomic Lite V2 - Boîtier Mini Tour avec rétroéclairage RGB, façade en mesh et fenêtre en verre trempé"
DeepCool GamerStorm Matrexx 55 Mesh ADD-RGB 4F Noir,84.50,MSI MAG VAMPIRIC 300R (Noir) - Boîtier Moyen Tour avec panneau latéral en verre trempé et rétroéclairage ARGB
ASUS ROG Strix Helios - Blanc,340.95,Xigmatek Aquarius Pro (Noir) - Boîtier Moyen Tour avec fenêtres en verre trempé et rétroéclairage ARGB avec télécommande fournie
Fractal Design Torrent Compact Solid (Noir),135.95,Lian Li LANCOOL III Noir - Boitier Moyen-Tour avec panneaux en verre trempé et 4 ventilateurs 140 mm
Fractal Design Focus 2 RGB TG (Noir),80.50,Mars Gaming MCB Blanc - Boîtier Moyen Tour Custom Premium avec fenêtre en verre trempé
Cooler Master MasterBox MB320L ARGB,58.95,Thermaltake S200 TG ARGB (blanc) - Boîtier Moyen Tour avec fenêtre en verre trempé et ventilateurs ARGB
Hyte Y40 (Blanc),139.95,Antec VSK 3000 Elite-U3 - Boîtier Mini Tour noir
be quiet! Pure Base 600 Window Noir,117.95,MSI MAG FORGE 100M - Boîtier Moyen Tour avec panneau latéral en verre trempé et ventilateurs RGB
Cooler Master COSMOS C700M,442.95,Spirit of Gamer Ghost One A-RGB Edition - Boîtier Moyen Tour Noir avec fenêtre et rétroéclairage RGB
Aerocool Cylon Pro Tempered Glass (Blanc),68.95,Boîtier Moyen Tour avec fenêtre latérale et rétroéclairage RGB en façade
Fractal Design Meshify 2 XL TG Light (Noir),211.95,"Zalman Z10 Duo - Boîtier Moyen Tour avec panneau en verre trempé, façade mesh et 4 ventilateurs ARGB"
Aerocool Atomic Lite V2,42.25,Fractal Design Pop Mini Air RGB TG (Noir) - Boîtier Mini Tour Noir avec fenêtre en verre trempé et rétroéclairage RGB
Xigmatek Aquarius Pro (Noir),160.95,Thermaltake Core P3 TG Pro (blanc) - Boîtier moyen tour ouvert avec fenêtre latérale en verre trempé 4 mm
Lian Li LANCOOL III Noir,130.95,"Phanteks Eclipse G500A DRGB (Blanc) - Boîtier moyen tour avec paroi latérale en verre trempée, 3 ventilateurs 140 mm RGB et 2 bandes LED"
Mars Gaming MCB Blanc,84.50,ASUS TUF Gaming GT502 - Blanc - Boîtier Moyen Tour avec panneau latéral et façade en verre trempé
Thermaltake S200 TG ARGB (blanc),81.95,DeepCool CC360 A-RGB (Noir) - Boîtier Mini Tour avec fenêtre latérale en verre trempé et 3 ventilateurs A-RGB préinstallés
Antec VSK 3000 Elite-U3,49.25,Fractal Design Node 804 Noir - Boîtier Mini Tour Noir avec fenêtre
MSI MAG FORGE 100M,58.95,be quiet! Pure Base 600 Window Orange - Boîtier moyen tour avec fenêtre
Spirit of Gamer Ghost One A-RGB Edition,58.95,Spirit of Gamer Rogue 5 ARGB Edition - Boîtier Moyen Tour Noir avec fenêtre en verre trempé et rétroéclairage ARGB
Thermaltake The Tower 100 Blanc,85.50,Phanteks Enthoo Pro 2 TG (noir) - Boîtier Grand Tour avec panneau en verre trempé
Zalman Z10 Duo,119.95,BitFenix Nova MESH SE (Blanc) - Boîtier moyen tour avec façade mesh
Fractal Design Pop Mini Air RGB TG (Noir),92.95,Lian Li LANCOOL 215 Blanc - Boitier Moyen-Tour avec panneau latéral en verre trempé et façade Mesh
Thermaltake Core P3 TG Pro (noir),154.95,Lian Li LANCOOL II MESH C PERFORMANCE Noir - Boitier Moyen Tour avec panneaux en verre trempé
Thermaltake Core P3 TG Pro (blanc),158.95,DeepCool CC560 (Blanc) - Boîtier Moyen Tour avec fenêtre latérale en verre trempé et ventilateurs LED
Phanteks Eclipse G500A DRGB (Blanc),130.95,Mars Gaming MCB Noir - Boîtier Moyen Tour Custom Premium avec fenêtre en verre trempé
ASUS TUF Gaming GT502 - Blanc,170.95,Thermaltake View 200 TG ARGB (blanc) - Boitier Moyen Tour avec parois en verre trempé et ventilateurs ARGB
DeepCool CC360 A-RGB (Noir),63.50,ASUS Prime AP201 - Noir - Boîtier Mini Tour avec panneaux et façade MESH
Fractal Design Node 804 Noir,109.95,Lian Li A4-H2O X4 (Noir) - Boitier Mini Tour en aluminium avec panneaux en mesh + Riser PCI-E 4.0 pré-installé
be quiet! Pure Base 600 Window Orange,117.95,NZXT H7 Elite RGB Noir - Boîtier moyen tour avec fenêtre latérale et façade en verre trempé
Spirit of Gamer Rogue 5 ARGB Edition,54.95,Fractal Design Define R6 Black - Boîtier Moyen Tour
Phanteks Enthoo Pro 2 TG (noir),135.95,Phanteks Enthoo Luxe 2 - Anthracite - Boîtier Grand Tour avec fenêtres latérales en verre trempé et rétroéclairage LED RGB - Possibilité d'installation d'une carte-mère et d'une alimentation secondaires
BitFenix Nova MESH SE (Blanc),46.50,Aerocool Playa - Boîtier Moyen Tour avec rétroéclairage RGB et fenêtres en verre trempé
Lian Li LANCOOL 215 Blanc,75.95,Corsair 5000D Airflow (Blanc) - Boîtier Moyen Tour avec panneau en verre trempé et structure ajourée
Lian Li LANCOOL II MESH C PERFORMANCE Noir,88.95,Fractal Design Meshify 2 Compact Solid (Noir) - Boîtier Moyen Tour Noir
DeepCool CC560 (Blanc),67.50,Fractal Design Torrent Black TG Dark (Noir) - Boîtier Moyen Tour Noir avec fenêtre en verre trempé (dark)
Mars Gaming MCB Noir,84.50,Cooler Master HAF 700 EVO - Boîtier Grand Tour avec façade mesh et fenêtre latérale en verre trempé
Thermaltake View 200 TG ARGB (blanc),85.95,Lian Li LANCOOL II MESH C RGB Noir - Boitier Moyen Tour avec panneaux en verre trempé
ASUS Prime AP201 - Noir,84.50,Fractal Design Focus 2 TG (Noir) - Boîtier Moyen Tour Noir avec fenêtre en verre trempé
Lian Li A4-H2O X4 (Noir),152.95,Fractal Design Meshify 2 Compact Lite TG (Noir) - Boîtier Moyen Tour Noir avec fenêtre en verre trempé
NZXT H7 Elite RGB Noir,161.95,Fractal Design Focus 2 RGB TG (Blanc) - Boîtier Moyen Tour Blanc avec fenêtre en verre trempé et rétroéclairage RGB
Fractal Design Define R6 Black,143.95,Aerocool Skribble - Boîtier Moyen Tour avec façade et panneau latéral en verre trempé personnalisables et rétroéclairage ARGB
Phanteks Enthoo Luxe 2 - Anthracite,181.95,Mars Gaming MCORB Noir - Boîtier Moyen Tour Gaming Premium Circulaire avec double fenêtre en verre trempé
Aerocool Playa,54.95,Spirit of Gamer Infinity Artic (Blanc) - Boîtier Moyen Tour Noir avec fenêtre et rétroéclairage ARGB
Corsair 5000D Airflow (Blanc),169.95,Fractal Design Terra (Jade) - Boîtier Mini Tour en aluminum anodisé et façade en aluminium/noyer
Fractal Design Meshify 2 Compact Solid (Noir),118.95,Fractal Design Core 2500 - Boîtier Moyen Tour Noir
Fractal Design Torrent Black TG Dark (Noir),202.95,Phanteks Enthoo Elite (noir) - Boîtier grand-tour avec fenêtre latérale en verre trempé
Cooler Master HAF 700 EVO,424.95,Corsair Obsidian 1000D Noir - Boîtier grand Tour Noir avec fenêtre
Lian Li LANCOOL II MESH C RGB Noir,92.95,Aerocool Bolt - Boîtier Moyen Tour avec fenêtre latérale et rétroéclairage RGB en façade
Fractal Design Focus 2 TG (Noir),71.95,Phanteks Enthoo Luxe 2 - Noir - Boîtier Grand Tour avec fenêtres latérales en verre trempé et rétroéclairage LED RGB - Possibilité d'installation d'une carte-mère et d'une alimentation secondaires
Fractal Design Meshify 2 Compact Lite TG (Noir),105.95,Aerocool Rift (blanc) - Boîtier Moyen Tour avec avec fenêtre en acrylique et rétroéclairage RGB en façade
Fractal Design Focus 2 RGB TG (Blanc),80.50,be quiet! Pure Base 500 Window (Gris) - Boîtier moyen tour avec fenêtre en verre trempé
Aerocool Skribble,58.95,be quiet! Pure Base 500DX (Blanc) - Boîtier moyen tour avec fenêtre en verre trempé et LEDs ARGB
Mars Gaming MCORB Noir,109.95,Boîtier Moyen Tour Gaming Premium Circulaire avec double fenêtre en verre trempé
Spirit of Gamer Infinity Artic (Blanc),67.95,"BitFenix Prodigy M 2022 ARGB (noir) - Boitier Micro-ATX avec façade en mesh, fenêtre latérale en verre trempé et éclairage ARGB"
Fractal Design Terra (Jade),194.95,"BitFenix Prodigy M 2022 ARGB (Blanc) - Boitier Micro-ATX avec façade en mesh, fenêtre latérale en verre trempé et éclairage ARGB"
Phanteks Enthoo Elite (noir),849.95,"Cooler Master MasterBox MB520 Mesh ARGB (Blanc) - Boîtier moyen tour avec fenêtre latérale en verre trempé, façade Mesh et ventilateurs ARGB"
Corsair Obsidian 1000D Noir,592.95,Lian Li LANCOOL III Blanc - Boitier Moyen-Tour avec panneaux en verre trempé et 4 ventilateurs 140 mm
Aerocool Bolt,50.50,Thermaltake Divider 170 TG ARGB (noir) - Boîtier Mini Tour avec fenêtre en verre trempé et ventilateurs ARGB
Phanteks Enthoo Luxe 2 - Noir,181.95,Spirit of Gamer Infinity Dark (Noir) - Boîtier Moyen Tour Noir avec fenêtre et rétroéclairage ARGB
Aerocool Rift (blanc),37.95,Aerocool Blade (Noir) - Boîtier Moyen Tour avec fenêtre latérale en verre trempé et rétroéclairage RGB en façade
be quiet! Pure Base 500 Window (Gris),104.95,Hyte Y60 (Blanc) - Boitier moyen tour avec parois en verre trempé
be quiet! Pure Base 500DX (Blanc),117.95,DeepCool CC360 A-RGB (Blanc) - Boîtier Mini Tour avec fenêtre latérale en verre trempé et 3 ventilateurs A-RGB préinstallés
Fractal Design Meshify 2 Solid (Noir),152.95,Antec NX500M - Boîtier Mini Tour avec fenêtre en verre trempé
BitFenix Prodigy M 2022 ARGB (noir),143.95,be quiet! Dark Base 900 (Orange) - Boîtier grand tour
BitFenix Prodigy M 2022 ARGB (Blanc),143.95,ASUS ROG Strix Helios - Noir - Boîtier PC Gaming RGB Moyen Tour avec fenêtre en verre trempé et châssis aluminium
Fractal Design Meshify 2 Lite RGB TG (Noir),122.95,"Fractal Design Define 7 TG Dark Noir - Boîtier Moyen Tour avec fenêtre en verre trempé, panneau insonorisé en acier et trois ventilateurs 140 mm"
Cooler Master MasterBox MB520 Mesh ARGB (Blanc),111.95,"Cooler Master MasterBox TD300 Mesh Noir - Boîtier Mini Tour avec façade mesh, fenêtre en verre trempé et 2 ventilateurs 120mm ARGB PWM"
Lian Li LANCOOL III Blanc,130.95,Fractal Design Torrent Compact TG (Noir) - Boîtier Moyen Tour avec panneaux latéraux en verre trempé Noir
Thermaltake Divider 170 TG ARGB (noir),85.95,MSI MPG VELOX 100P AIRFLOW - Boîtier Moyen Tour gaming avec fenêtre en verre trempé et 1 ventilateur ARGB
Spirit of Gamer Infinity Dark (Noir),67.95,Cooler Master MasterBox MB520 TG ARGB - Boîtier moyen tour avec fenêtre latérale et façade en verre trempé et ventilateurs ARGB
Aerocool Blade (Noir),54.95,DeepCool CH510 (Noir) - Boîtier Moyen Tour avec fenêtre latérale en verre trempé
Hyte Y60 (Blanc),177.95,"Xigmatek LUX G - Boîtier Moyen Tour avec fenêtre en verre trempé, 4 ventilateurs RGB"
DeepCool CC360 A-RGB (Blanc),63.50,"Lian Li LANCOOL 216 RGB Noir - Boitier Moyen-Tour avec panneau latéral en verre trempé, façade Mesh, 2 ventilateurs ARGB 160 mm et 1 ventilateur 140 mm"
Antec NX500M,44.75,DeepCool QuadStellar Infinity (Noir) - Boîtier Grand Tour avec 6 panneaux en verre trempé et rétro-éclairage ARGB
be quiet! Dark Base 900 (Orange),227.95,Phanteks Eclipse P600S Tempered Glass (Blanc) - Boîtier moyen tour avec fenêtre latérale en verre trempé et 3 ventilateurs ARGB en façade
ASUS ROG Strix Helios - Noir,340.95,Hyte Y60 (Noir) - Boitier moyen tour avec parois en verre trempé
Fractal Design Define 7 TG Dark Noir,185.95,Hyte Y40 (Noir) - Boitier moyen tour avec parois en verre trempé
Cooler Master MasterBox TD300 Mesh Noir,81.95,Antec NSK 4100 - Boîtier Moyen Tour
Fractal Design Torrent Compact TG (Noir),143.95,Fractal Design Define Mini C Noir - Boîtier Mini Tour Noir
MSI MPG VELOX 100P AIRFLOW,152.95,Lian Li PC-O11DW - Boitier moyen-tour en aluminium et verre trempé avec USB 3.1 Type C (coloris blanc)
Cooler Master MasterBox MB520 TG ARGB,111.95,Phanteks Enthoo EVOLV X Glass - Argent - Boîtier Moyen Tour avec fenêtres latérales en verre trempé
DeepCool CH510 (Noir),84.50,Lian Li PC-O11 Dynamic - Design par Razer - Boitier moyen-tour en aluminium et verre trempé avec USB 3.1 Type C
Xigmatek LUX G,75.95,Lian Li O11D XL ROG Certified (Argent) - Boitier moyen-tour en aluminium et verre trempé avec système RGB adressable
Lian Li LANCOOL 216 RGB Noir,84.50,Cooler Master MasterBox NR200P - Noir - Boîtier Mini Tour avec panneau en verre trempé
DeepCool QuadStellar Infinity (Noir),382.95,DeepCool MATREXX 30 Si - Boîtier Mini Tour Noir
Phanteks Eclipse P600S Tempered Glass (Blanc),156.95,Thermaltake AH T200 Blanc - Boîtier Mini Tour ouvert avec 5 panneaux en verre trempé
Hyte Y60 (Noir),177.95,"BitFenix Nova MESH SE TG ARGB (Blanc) - Boîtier moyen tour avec fenêtre en verre trempé, façade mesh et 4 ventilateurs ARGB"
Hyte Y40 (Noir),139.95,Fractal Design Torrent Compact TG (Blanc) - Boîtier Moyen Tour avec panneau latéraul en verre trempé Blanc
Antec NSK 4100,68.95,Corsair iCUE 5000T RGB (Blanc) - Boîtier Moyen Tour avec panneau en verre trempé et ventilateurs LED ARGB
Fractal Design Define Mini C Noir,84.50,DeepCool CC560 (Noir) - Boîtier Moyen Tour avec fenêtre latérale en verre trempé et ventilateurs LED
Lian Li PC-O11DW,126.95,Phanteks Evolv Shift XT (Argent) - Boîtier compact Mini ITX modulable (3 tailles S/M/L)
Phanteks Enthoo EVOLV X Glass - Argent,194.95,Fractal Design Pop Air TG (Blanc) - Boîtier Mini Tour Blanc avec fenêtre en verre trempé
Lian Li PC-O11 Dynamic - Design par Razer,168.95,Aerocool Rift TG (blanc) - Boîtier Moyen Tour avec fenêtre en verre trempé et rétroéclairage RGB en façade
Lian Li O11D XL ROG Certified (Argent),194.95,"MSI MEG PROSPECT 700R - Boîtier Moyen Tour Gaming ARGB avec écran LED tactile 4.3"""
Cooler Master MasterBox NR200P - Noir,90.50,Xigmatek Oreo - Boîtier Mini Tour avec fenêtre en verre trempé et 3 ventilateurs FRGB
DeepCool MATREXX 30 Si,42.25,Boîtier Mini Tour Noir
Thermaltake AH T200 Blanc,119.95,be quiet! Pure Base 600 (Noir) - Boîtier moyen tour
BitFenix Nova MESH SE TG ARGB (Blanc),76.95,Fractal Design Meshify C (Noir) - Boîtier Moyen Tour Noir
Corsair iCUE 5000T RGB (Blanc),366.95,Spirit of Gamer Ghost 5 ARGB Edition - Boîtier Moyen Tour Noir avec fenêtre et rétroéclairage ARGB
DeepCool CC560 (Noir),67.50,Aerocool CS-101 (Noir) - Boîtier Mini Tour avec un support pour un placement vertical
Phanteks Evolv Shift XT (Argent),152.95,Phanteks Enthoo Pro 2 (noir) - Boîtier Grand Tour avec panneau en verre trempé
Fractal Design Pop Air TG (Blanc),80.50,Zalman M2 Mini Gris - Boîtier Mini ITX avec 2 panneaux en verre trempé
Aerocool Rift TG (blanc),42.25,Aerocool Trinity Mini V2 (Noir) - Boîtier Mini Tour avec avec fenêtre en verre trempé et rétroéclairage RGB
MSI MEG PROSPECT 700R,383.95,Fractal Design Torrent Black TG RGB Light (Noir) - Boîtier Moyen Tour Noir avec panneaux en verre trempé (light)
Xigmatek Oreo,42.25,Corsair iCUE 7000X RGB Tempered Glass (Blanc) - Boîtier Grand Tour avec panneaux en verre trempé et 4 ventilateurs LED ARGB
Antec P20C ARGB,113.95,NZXT H510i Rivals (Edition limitée) - Boîtier moyen tour avec fenêtre latérale en verre trempé et rétroéclairage RGB
be quiet! Pure Base 600 (Noir),100.95,Lian Li A4-H2O X3 (Noir) - Boitier Mini Tour en aluminium avec panneaux en mesh + Riser PCI-E 3.0 pré-installé
Fractal Design Meshify C (Noir),109.95,Chieftec HO-12B-OP - Boîtier Mini Tour
be quiet! Pure Base 500 (Gris),94.50,Fractal Design Terra (Argent) - Boîtier Mini Tour en aluminum anodisé et façade en aluminium/noyer
Spirit of Gamer Ghost 5 ARGB Edition,101.95,Aerocool Quantum V3 - Boîtier Moyen Tour avec fenêtre en verre trempé et ventilateurs RGB
Aerocool CS-101 (Noir),47.50,Fractal Design Meshify C - Boîtier Moyen Tour Noir avec fenêtre
Phanteks Enthoo Pro 2 (noir),126.95,Phanteks Eclipse P600S Tempered Glass (Noir) - Boîtier moyen tour avec fenêtre latérale en verre trempé
Zalman M2 Mini Gris,111.95,Phanteks Eclipse P400A RGB (Noir) - Boîtier moyen tour avec fenêtre latérale en verre trempé et ventilateurs LED RGB
Aerocool Trinity Mini V2 (Noir),33.75,"Lian Li LANCOOL II Blanc - Boitier Moyen-Tour avec panneaux en verre trempé, 3 ventilateurs 120 mm et éclairage RGB"
Fractal Design Torrent Black TG RGB Light (Noir),236.95,Spirit of Gamer Clone 4 ARGB Edition - Boîtier Moyen Tour Noir avec fenêtre et rétroéclairage ARGB
Corsair iCUE 7000X RGB Tempered Glass (Blanc),315.95,Fractal Design Torrent Nano Black Solid (Noir) - Boîtier Mini Tour Noir
NZXT H510i Rivals (Edition limitée),110.95,Fractal Design Pop XL Silent Solid (Noir) - Boîtier Moyen Tour silencieux Noir
Lian Li A4-H2O X3 (Noir),122.95,Mars Gaming MC-ART Blanc - Boîtier moyen tour avec fenêtre latérale et façade en verre trempé personnalisables et éclairage LED ARGB
Chieftec HO-12B-OP,68.50,NZXT H5 Elite Blanc - Boîtier moyen tour compact avec fenêtre latérale en verre trempé
Fractal Design Terra (Argent),194.95,Thermaltake H570 TG ARGB (blanc) - Boîtier Moyen Tour avec fenêtre en verre trempé et ventilateurs ARGB
Aerocool Quantum V3,42.25,BitFenix Tracery (Blanc) - Boîtier moyen tour avec fenêtre en verre trempé et éclairage ARGB
Fractal Design Meshify C,92.95,"Phanteks Eclipse G500A DRGB (Noir) - Boîtier moyen tour avec paroi latérale en verre trempée, 3 ventilateurs 140 mm RGB et 2 bandes LED"
Phanteks Eclipse P600S Tempered Glass (Noir),168.95,Phanteks Eclipse G500A Performance (Noir) - Boîtier moyen tour avec paroi latérale en verre trempée et 4 ventilateurs 140 mm
Phanteks Eclipse P400A RGB (Noir),84.50,Cooler Master MasterBox TD500 Mesh Noir V2 + Cooler Master GEM Noir - Boîtier Moyen Tour + Support pour périphériques gaming
Lian Li LANCOOL II Blanc,93.95,"Corsair 4000D RGB Airflow (Blanc) - Boîtier Moyen Tour avec panneau en verre trempé, façade avant Mesh"
Spirit of Gamer Clone 4 ARGB Edition,67.50,"Lian Li LANCOOL 205 MESH C Blanc - Boitier Moyen-Tour avec panneaux en verre trempé, 2 ventilateurs 120 mm ARGB"
Fractal Design Torrent Nano Black Solid (Noir),109.95,Fractal Design Node 304 Noir - Boîtier Mini ITX Noir
Fractal Design Pop XL Silent Solid (Noir),96.95,Phanteks Eclipse P600S Tempered Glass (Anthracite) - Boîtier moyen tour avec fenêtre latérale en verre trempé
Mars Gaming MC-ART Blanc,48.95,be quiet! Pure Base 500 Window (Blanc) - Boîtier moyen tour avec fenêtre en verre trempé
NZXT H5 Elite Blanc,126.95,"Fractal Design Define 7 TG Light Noir - Boîtier Moyen Tour avec fenêtre en verre trempé, panneau insonorisé en acier et trois ventilateurs 140 mm"
Thermaltake H570 TG ARGB (blanc),96.95,"Fractal Design Define 7 XL TG Light Noir - Boîtier Grand Tour avec fenêtre en verre trempé, panneau insonorisé en acier et trois ventilateurs 140 mm"
BitFenix Tracery (Blanc),128.95,Fractal Design Define 7 Compact TG Dark - Boîtier Moyen Tour avec panneau en verre trempé
Phanteks Eclipse G500A DRGB (Noir),130.95,"Lian Li LANCOOL 205 Blanc - Boitier Moyen-Tour avec panneaux en verre trempé, 2 ventilateurs 120 mm"
Phanteks Eclipse G500A Performance (Noir),126.95,Fractal Design Meshify 2 TG Dark (Noir) - Boîtier Moyen Tour Noir avec fenêtre en verre trempé (dark)
Cooler Master MasterBox TD500 Mesh Noir V2 + Cooler Master GEM Noir,117.95,Fractal Design Meshify 2 Compact TG Light (Noir) - Boîtier Moyen Tour Noir avec fenêtre en verre trempé (light)
Corsair 4000D RGB Airflow (Blanc),160.95,Lian Li ODYSSEY X Noir - Boitier Grand Tour avec panneaux latéraux en verre trempé et design modulaire - noir
Lian Li LANCOOL 205 MESH C Blanc,75.95,"Cooler Master MasterBox NR200P + V850 SFX GOLD + MasterLiquid ML240 Illusion - Noir - Boîtier Mini Tour avec panneau en verre trempé, alimentation 100% modulaire 850W 80PLUS Gold et Kit de Watercooling ARGB tout-en-un pour processeur"
Fractal Design Node 304 Noir,84.50,"Cooler Master MasterBox NR200P + V850 SFX GOLD + MasterLiquid ML240 Illusion - Blanc - Boîtier Mini Tour avec panneau en verre trempé, alimentation 100% modulaire 850W 80PLUS Gold et Kit de Watercooling ARGB tout-en-un pour processeur"
Phanteks Eclipse P600S Tempered Glass (Anthracite),143.95,Boîtier moyen tour avec fenêtre latérale en verre trempé
be quiet! Pure Base 500 Window (Blanc),104.95,Xigmatek Gemini II - Boîtier Mini Tour avec fenêtre en verre trempé et 3 ventilateurs RGB
Fractal Design Define 7 TG Light Noir,185.95,Fractal Design Pop XL Air RGB TG (Noir) - Boîtier Moyen Tour Noir avec fenêtre en verre trempé et rétroéclairage RGB
Fractal Design Define 7 Compact TG Dark,135.95,Phanteks Eclipse G500A DRGB Fanless (Noir) - Boîtier moyen tour avec paroi latérale en verre trempée avec 2 bandes LED
Lian Li LANCOOL 205 Blanc,63.50,Hyte Y40 (Rouge) - Boitier moyen tour avec parois en verre trempé
Fractal Design Meshify 2 TG Dark (Noir),160.95,DeepCool CH370 (Noir) - Boîtier Mini Tour avec fenêtre latérale en verre trempé
Fractal Design Meshify 2 Compact TG Light (Noir),126.95,NZXT H7 Elite RGB Blanc - Boîtier moyen tour avec fenêtre latérale et façade en verre trempé
Lian Li ODYSSEY X Noir,380.95,Fractal Design Terra (Graphite) - Boîtier Mini Tour en aluminum anodisé et façade en aluminium/noyer
Cooler Master MasterBox NR200P + V850 SFX GOLD + MasterLiquid ML240 Illusion - Noir,323.95,Antec P20C White - Boîtier Moyen Tour avec 3 ventilateurs PWM 120 mm
Cooler Master MasterBox NR200P + V850 SFX GOLD + MasterLiquid ML240 Illusion - Blanc,330.95,Fractal Design Focus G Rouge - Boîtier Moyen Tour Rouge avec fenêtre
Xigmatek LUX S Blanc,80.50,Aerocool Bolt Mini (Noir) - Boîtier Mini Tour avec fenêtre latérale et rétroéclairage RGB en façade
Xigmatek Gemini II,50.50,MSI MPG SEKIRA 500P - Boîtier Moyen Tour Gaming avec fenêtres en verre trempé
Fractal Design Pop XL Air RGB TG (Noir),109.95,Cooler Master MasterBox NR200P - Blanc - Boîtier Mini Tour avec panneau en verre trempé
Thermaltake H590 TG ARGB (blanc),94.50,"BitFenix Dawn TG (Noir) - Boîtier moyen tour avec façade, fenêtres en verre trempé et éclairage ARGB"
Phanteks Eclipse G500A DRGB Fanless (Noir),105.95,Zalman M2 Mini Argent - Boîtier Mini ITX avec 2 panneaux en verre trempé
Hyte Y40 (Rouge),139.95,Thermaltake AH T200 Noir - Boîtier Mini Tour ouvert avec 5 panneaux en verre trempé
DeepCool CH370 (Noir),67.95,Thermaltake The Tower 100 Noir - Boîtier Mini Tour avec panneaux en verre trempé et 2 ventilateurs 120 mm
NZXT H7 Elite RGB Blanc,161.95,"MSI Creator 400M - Boîtier Moyen Tour avec fenêtre en verre laminé, 3 ventilateurs 140 mm et bande LED RGB"
Fractal Design Terra (Graphite),194.95,Fractal Design Torrent Gray TG Light (Gris) - Boîtier Moyen Tour Gris avec fenêtre en verre trempé (light)
Antec P20C White,113.95,Lian Li LANCOOL II MESH C RGB Blanc - Boitier Moyen Tour avec panneaux en verre trempé
Fractal Design Focus G Rouge,58.95,Enermax StarryKnight SK30 - Boîtier Moyen Tour avec fenêtre latérale en verre trempé et ventilateurs ARGB
Aerocool Bolt Mini (Noir),33.75,NZXT H7 Elite Blanc - Boîtier moyen tour avec fenêtre latérale et façade en verre trempé
MSI MPG SEKIRA 500P,297.95,Fractal Design Pop Air Solid (Noir) - Boîtier Mini Tour Noir
Cooler Master MasterBox NR200P - Blanc,85.95,Thermaltake Divider 370 TG ARGB (noir) - Boîtier Moyen Tour avec fenêtre en verre trempé et ventilateurs ARGB
BitFenix Dawn TG (Noir),156.95,Thermaltake Divider 370 TG ARGB (blanc) - Boîtier Moyen Tour avec fenêtre en verre trempé et ventilateurs ARGB
Zalman M2 Mini Argent,121.95,Fractal Design Torrent Compact RGB TG (Blanc) - Boîtier Moyen Tour avec panneaux latéraux en verre trempé Blanc et ventilateurs RGB
Thermaltake AH T200 Noir,119.95,DeepCool CH510 Mesh Digital (Noir) - Boîtier Moyen Tour avec fenêtre latérale en verre trempé et écran d'affichage programmable
Thermaltake The Tower 100 Noir,85.50,"MSI MEG PROSPECT 700R + Riser MSI MPG offert ! - Boîtier Moyen Tour Gaming ARGB avec écran LED tactile 4.3"" + Riser PCIe 4.0 x16"
MSI Creator 400M,168.95,Cooler Master MasterBox TD500 Mesh Blanc V2 + Cooler Master GEM Blanc - Boîtier Moyen Tour + Support pour périphériques gaming
Fractal Design Torrent Gray TG Light (Gris),202.95,"Corsair 5000D RGB Airflow (Blanc) - Boîtier Moyen Tour avec panneau en verre trempé, structure ajourée et 3 ventilateurs AF120 RGB Elite"
Lian Li LANCOOL II MESH C RGB Blanc,92.95,Phanteks Eclipse G300A (Noir) - Boîtier moyen tour avec paroi latérale en verre trempée et 1 ventilateur D-RGB
Enermax StarryKnight SK30,101.95,Fractal Design Node 202 - Boîtier Desktop Mini ITX Noir
NZXT H7 Elite Blanc,144.95,Antec VSK2000-U3 - Boitier desktop Mini ITX / MicroATX
Fractal Design Pop Air Solid (Noir),80.50,Phanteks Enthoo EVOLV X Glass - Noir - Boîtier Moyen Tour avec fenêtres latérales en verre trempé
Thermaltake Divider 370 TG ARGB (noir),121.95,Fractal Design Define S2 Blackout TG - Boîtier moyen tour avec fenêtre latérale en verre trempé
Thermaltake Divider 370 TG ARGB (blanc),128.95,BitFenix Saber TG - Boîtier moyen tour avec fenêtre en verre trempé et éclairage RGB
Fractal Design Torrent Compact RGB TG (Blanc),168.95,MSI MPG SEKIRA 500G - Boîtier Moyen Tour Gaming avec fenêtres en verre trempé
DeepCool CH510 Mesh Digital (Noir),101.95,MSI MPG SEKIRA 500X - Boîtier Moyen Tour Gaming ARGB avec fenêtres en verre trempé
MSI MEG PROSPECT 700R + Riser MSI MPG offert !,382.95,"BitFenix Nova MESH TG ARGB (Noir) - Boîtier moyen tour avec fenêtre en verre trempé, façade mesh et 4 ventilateurs ARGB"
Cooler Master MasterBox TD500 Mesh Blanc V2 + Cooler Master GEM Blanc,117.95,"BitFenix Nova MESH TG ARGB (Blanc) - Boîtier moyen tour avec fenêtre en verre trempé, façade mesh et 4 ventilateurs ARGB"
Corsair 5000D RGB Airflow (Blanc),230.95,Corsair iCUE 5000X RGB Tempered Glass (Blanc) - Boîtier Moyen Tour avec panneau en verre trempé et ventilateurs LED RGB
Phanteks Eclipse G300A (Noir),50.50,Thermaltake Divider 300 TG ARGB - Boîtier Moyen Tour avec fenêtres en verre trempé et ventilateurs ARGB
Fractal Design Node 202,84.50,Phanteks Eclipse P200A Performance Edition - Boîtier mini tour mesh
Antec VSK2000-U3,50.95,Boitier desktop Mini ITX / MicroATX
Phanteks Enthoo EVOLV X Glass - Noir,194.95,Lian Li ODYSSEY X Argent - Boitier Grand Tour avec panneaux latéraux en verre trempé et design modulaire - argent
Fractal Design Define S2 Blackout TG,139.95,Corsair 7000D Airflow (Blanc) - Boîtier Grand Tour avec panneau en verre trempé et structure ajourée
BitFenix Saber TG,118.95,BitFenix Nova MESH SE (Noir) - Boîtier moyen tour avec façade mesh
MSI MPG SEKIRA 500G,229.95,Cooler Master MasterBox NR200P + V850 SFX GOLD - Blanc - Boîtier Mini Tour avec panneau en verre trempé et alimentation 100% modulaire 850W 80PLUS Gold
MSI MPG SEKIRA 500X,323.95,Cooler Master MasterBox NR200P + V850 SFX GOLD - Noir - Boîtier Mini Tour avec panneau en verre trempé et alimentation 100% modulaire 850W 80PLUS Gold
BitFenix Nova MESH TG ARGB (Noir),109.95,Fractal Design Torrent Nano Black TG RGB Light (Noir) - Boîtier Mini Tour Noir avec ventilateur RGB et fenêtre en verre trempé (light)
BitFenix Nova MESH TG ARGB (Blanc),109.95,"Xigmatek LUX S Noir - Boîtier Moyen Tour avec fenêtre en verre trempé, 4 ventilateurs RGB et boîtier de contrôle"
Corsair iCUE 5000X RGB Tempered Glass (Blanc),204.95,Xigmatek LUX M - Boîtier Mini Tour avec fenêtre en verre trempé et 4 ventilateurs RGB
Thermaltake Divider 300 TG ARGB,102.95,NZXT H510i All Might (Edition limitée) - Boîtier moyen tour avec fenêtre latérale en verre trempé et rétroéclairage RGB
Phanteks Eclipse P200A Performance Edition,68.95,DeepCool CH510 (Blanc) - Boîtier Moyen Tour avec fenêtre latérale en verre trempé
Fractal Design Torrent Black Solid (Noir),181.95,Fractal Design Meshify 2 Compact Lite RGB TG (Noir) - Boîtier Moyen Tour Noir avec fenêtre en verre trempé et rétroéclairage RGB
Lian Li ODYSSEY X Argent,380.95,Thermaltake View 200 TG ARGB (noir) - Boitier Moyen Tour avec parois en verre trempé et ventilateurs ARGB
Corsair 7000D Airflow (Blanc),281.95,"BitFenix Nova MESH M-ATX ARGB (Noir) - Boîtier mini tour avec fenêtre en verre trempé, façade mesh et 3 ventilateurs ARGB"
BitFenix Nova MESH SE (Noir),46.50,"Lian Li LANCOOL 205 MESH C Noir - Boitier Moyen-Tour avec panneaux en verre trempé, 2 ventilateurs 120 mm ARGB"
Cooler Master MasterBox NR200P + V850 SFX GOLD - Blanc,220.95,"Xigmatek Anubis Pro 4FX Noir - Boîtier Moyen Tour avec fenêtre en verre trempé, 4 ventilateurs RGB et boîtier de contrôle"
Cooler Master MasterBox NR200P + V850 SFX GOLD - Noir,223.95,Fractal Design Core 1100 - Boîtier Mini Tour Noir
Fractal Design Torrent Nano Black TG RGB Light (Noir),135.95,Fractal Design Focus G Gris - Boîtier Moyen Tour Gris avec fenêtre
Xigmatek LUX S Noir,75.95,Fractal Design Meshify C TG (Blanc) - Boîtier Moyen Tour Blanc avec fenêtre en verre trempé
Xigmatek LUX M,50.50,"Fractal Design Define 7 XL TG Dark Noir - Boîtier Grand Tour avec fenêtre en verre trempé, panneau insonorisé en acier et trois ventilateurs 140 mm"
NZXT H510i All Might (Edition limitée),110.95,Fractal Design Define 7 Compact TG Light - Boîtier Moyen Tour avec panneau en verre trempé
DeepCool CH510 (Blanc),84.50,MSI MPG SEKIRA 100R - Boîtier Moyen Tour Gaming avec fenêtres en verre trempé et rétroéclairage ARGB
Fractal Design Meshify 2 Compact Lite RGB TG (Noir),122.95,Thermaltake Divider 300 TG ARGB Snow - Boîtier Moyen Tour avec fenêtres en verre trempé et ventilateurs ARGB
Thermaltake View 200 TG ARGB (noir),72.95,Fractal Design Torrent White TG Clear (Blanc) - Boîtier Moyen Tour Blanc avec fenêtre en verre trempé (clear)
BitFenix Nova MESH M-ATX ARGB (Noir),54.95,Xigmatek Gemini II Artic - Boîtier Mini Tour avec fenêtre en verre trempé et 3 ventilateurs RGB
Lian Li LANCOOL 205 MESH C Noir,75.95,NZXT H7 Blanc - Boîtier moyen tour avec fenêtre latérale en verre trempé
Xigmatek Anubis Pro 4FX Noir,84.50,NZXT H7 Flow Noir/Blanc - Boîtier moyen tour avec fenêtre latérale en verre trempé
Fractal Design Core 1100,42.25,Phanteks Evolv Shift XT (Noir) - Boîtier compact Mini ITX modulable (3 tailles S/M/L)
Fractal Design Focus G Gris,58.95,MSI MAG FORGE 112R - Boîtier Moyen Tour gaming avec fenêtre en verre trempé et ventilateurs ARGB
Fractal Design Meshify C TG (Blanc),101.95,"Lian Li LANCOOL 216 RGB Blanc - Boitier Moyen-Tour avec panneau latéral en verre trempé, façade Mesh, 2 ventilateurs ARGB 160 mm et 1 ventilateur 140 mm"
Fractal Design Define 7 XL TG Dark Noir,232.95,Thermaltake S200 TG ARGB (noir) - Boîtier Moyen Tour avec fenêtre en verre trempé et ventilateurs ARGB
Fractal Design Define 7 Compact TG Light,135.95,"BitFenix Nova MESH M-ATX ARGB (Blanc) - Boîtier mini tour avec fenêtre en verre trempé, façade mesh et 3 ventilateurs ARGB"
MSI MPG SEKIRA 100R,154.95,BitFenix Tracery (Noir) - Boîtier moyen tour avec fenêtre en verre trempé et éclairage ARGB
Thermaltake Divider 300 TG ARGB Snow,102.95,Fractal Design Torrent TG RGB (Blanc) - Boîtier Moyen Tour Blanc avec panneaux en verre trempé
Fractal Design Torrent White TG Clear (Blanc),190.95,Antec Performance 1 FT - Boîtier Grand Tour E-ATX avec fenêtres en verre trempé et écran température CPU/GPU
Xigmatek Gemini II Artic,50.50,be quiet! Pure Base 600 (Noir/Argent) - Boîtier moyen tour
NZXT H7 Blanc,110.95,Phanteks Eclipse P600S (Noir) - Boîtier moyen tour silencieux
NZXT H7 Flow Noir/Blanc,118.95,Fractal Design Define 7 Solid Noir/Blanc - Boîtier Moyen Tour avec panneaux insonorisés en acier et trois ventilateurs 140 mm
Phanteks Evolv Shift XT (Noir),152.95,"Lian Li LANCOOL 205 Noir - Boitier Moyen-Tour avec panneaux en verre trempé, 2 ventilateurs 120 mm"
MSI MAG FORGE 112R,67.50,MSI MPG SEKIRA 100P - Boîtier Moyen Tour Gaming avec fenêtres en verre trempé
Lian Li LANCOOL 216 RGB Blanc,84.50,Phanteks Eclipse P200A DRGB (Noir) - Boîtier mini tour avec paroi latérale en verre trempée
Thermaltake S200 TG ARGB (noir),77.50,Fractal Design Torrent Compact RGB TG (Noir) - Boîtier Moyen Tour avec panneaux latéraux en verre trempé Noir et ventilateurs RGB
BitFenix Nova MESH M-ATX ARGB (Blanc),54.95,Fractal Design Meshify 2 Lite TG (Noir) - Boîtier Moyen Tour Noir avec fenêtre en verre trempé
BitFenix Tracery (Noir),128.95,NZXT H7 Elite Noir - Boîtier moyen tour avec fenêtre latérale et façade en verre trempé
Fractal Design Torrent TG RGB (Blanc),232.95,Boîtier Moyen Tour Blanc avec panneaux en verre trempé
Antec Performance 1 FT,172.95,Fractal Design Meshify 2 Compact Lite TG (Blanc) - Boîtier Moyen Tour Noir avec fenêtre en verre trempé
be quiet! Pure Base 600 (Noir/Argent),100.95,Thermaltake Divider 170 TG ARGB (blanc) - Boîtier Mini Tour avec fenêtre en verre trempé et ventilateurs ARGB
Fractal Design Torrent TG RGB (Blanc),232.95,"Cooler Master CMP520 - Boîtier moyen tour avec fenêtre latérale en verre trempé, façade en mesh et 3 ventilateurs LED ARGB"
Phanteks Eclipse P600S (Noir),135.95,Boîtier moyen tour silencieux
Fractal Design Define 7 Solid Noir/Blanc,147.95,Thermaltake H590 TG ARGB (noir) - Boîtier Moyen Tour avec fenêtre en verre trempé
Lian Li LANCOOL 205 Noir,63.50,Mars Gaming MCORB Blanc - Boîtier Moyen Tour Gaming Premium Circulaire avec double fenêtre en verre trempé
MSI MPG SEKIRA 100P,92.95,Chieftec CS-12B-300 - Boîtier compact Mini Tour avec alimentation TFX 300W 80PLUS Bronze
Phanteks Eclipse P200A DRGB (Noir),67.50,ASUS Prime AP201 - Blanc - Boîtier Mini Tour avec panneaux et façade MESH
Fractal Design Torrent Compact RGB TG (Noir),168.95,Lian Li A4-H2O A4 (Argent) - Boitier Mini Tour en aluminium avec panneaux en mesh + Riser PCI-E 4.0 pré-installé
Fractal Design Meshify 2 Lite TG (Noir),126.95,Lian Li A4-H2O A3 (Argent) - Boitier Mini Tour en aluminium avec panneaux en mesh + Riser PCI-E 3.0 pré-installé
NZXT H7 Elite Noir,144.95,DeepCool CH370 (Blanc) - Boîtier Mini Tour avec fenêtre latérale en verre trempé
Cooler Master CMP520,90.50,Antec NX500M ARGB - Boîtier Mini Tour avec fenêtre en verre trempé
Fractal Design Meshify 2 Compact Lite TG (Blanc),128.95,Antec NX500M ARGB - Boîtier Mini Tour avec fenêtre en verre trempé
Thermaltake Divider 170 TG ARGB (blanc),85.50,Antec NX500M ARGB - Boîtier Mini Tour avec fenêtre en verre trempé
Thermaltake H570 TG ARGB (noir),94.50,Antec NX500M ARGB - Boîtier Mini Tour avec fenêtre en verre trempé
Thermaltake H590 TG ARGB (noir),89.95,Antec NX500M ARGB - Boîtier Mini Tour avec fenêtre en verre trempé
Mars Gaming MCORB Blanc,109.95,Antec NX500M ARGB - Boîtier Mini Tour avec fenêtre en verre trempé
Chieftec CS-12B-300,109.95,Antec NX500M ARGB - Boîtier Mini Tour avec fenêtre en verre trempé
ASUS Prime AP201 - Blanc,84.50,Antec NX500M ARGB - Boîtier Mini Tour avec fenêtre en verre trempé
Lian Li A4-H2O A4 (Argent),152.95,Antec NX500M ARGB - Boîtier Mini Tour avec fenêtre en verre trempé
Lian Li A4-H2O A3 (Argent),122.95,Antec NX500M ARGB - Boîtier Mini Tour avec fenêtre en verre trempé
DeepCool CH370 (Blanc),67.95,Antec NX500M ARGB - Boîtier Mini Tour avec fenêtre en verre trempé
Antec NX500M ARGB,55.50,Boîtier Mini Tour avec fenêtre en verre trempé
